繁體	简体	吳拼	備注
之	之	tsy1	
資	资	tsy1	
姿	姿	tsy1	
咨	咨	tsy1	
諮	咨	tsy1	
滓	滓	tsy1	
滋	滋	tsy1	
輜	辎	tsy1	
支	支	tsy1	
枝	枝	tsy1	
肢	肢	tsy1	
梔	栀	tsy1	
芝	芝	tsy1	
鼠	鼠	tsy1	白讀
齒	齿	tsy1	白讀
紫	紫	tsy3	
指	指	tsy3	
紙	纸	tsy3	
子	子	tsy3	
梓	梓	tsy3	
止	止	tsy3	
趾	趾	tsy3	
址	址	tsy3	
旨	旨	tsy3	
指	指	tsy3	
脂	脂	tsy3	
至	至	tsy3	
煮	煮	tsy3	
只	只	tsy3	文讀 ～有
志	志	tsy3	縣～
誌	志	tsy3	縣～
摯	挚	tsy5	
幟	帜	tsy5	
痣	痣	tsy5	
志	志	tsy5	～向
此	此	tshy1	
雌	雌	tshy1	
齒	齿	tshy1	文讀
翅	翅	tshy3	
刺	刺	tshy5	
次	次	tshy5	
廁	厕	tshy5	
差	差	tshy5	參～
茲	兹	dzy2	
慈	慈	dzy2	
磁	磁	dzy2	
辭	辞	dzy2	
瓷	瓷	dzy2	
詞	词	dzy2	
嗣	嗣	dzy2	
師	师	sy1	
獅	狮	sy1	
私	私	sy1	
屍	尸	sy1	
尸	尸	sy1	
梳	梳	sy1	
斯	斯	sy1	
廝	厮	sy1	
撕	撕	sy1	
施	施	sy1	
司	司	sy1	
絲	丝	sy1	
思	思	sy1	
詩	诗	sy1	
篩	筛	sy1	
嘶	嘶	sy1	
駛	驶	sy3	
矢	矢	sy3	
史	史	sy3	
使	使	sy3	
始	始	sy3	
死	死	sy3	文讀
賜	赐	sy5	
四	四	sy5	
肆	肆	sy5	
試	试	sy5	
匙	匙	zy2	
時	时	zy2	
祠	祠	zy2	
耜	耜	zy2	～頭
飼	饲	zy2	
似	似	zy6	
祀	祀	zy6	
巳	巳	zy6	
市	市	zy6	
士	士	zy6	
仕	仕	zy6	
柿	柿	zy6	
恃	恃	zy6	
俟	俟	zy6	
鰣	鲥	zy6	
是	是	zy6	
氏	氏	zy6	
誓	誓	zy6	
逝	逝	zy6	
字	字	zy6	
伺	伺	zy6	
寺	寺	zy6	
事	事	zy6	
侍	侍	zy6	
示	示	zy6	
視	视	zy6	
嗜	嗜	zy6	
自	自	zy6	文讀
蓖	蓖	pi1	
媲	媲	pi1	
比	比	pi3	
鄙	鄙	pi5	
閉	闭	pi5	
祕	秘	pi5	
秘	秘	pi5	
泌	泌	pi5	
篦	篦	pi5	
臂	臂	pi5	
庇	庇	pi5	包～
批	批	phi1	
披	披	phi1	
砒	砒	phi1	
紕	纰	phi1	～漏
痞	痞	phi1	地～
否	否	phi1	～極泰來
譬	譬	phi5	
屁	屁	phi5	
皮	皮	bi2	
疲	疲	bi2	
脾	脾	bi2	
琵	琵	bi2	
枇	枇	bi2	
婢	婢	bi2	
陛	陛	bi2	
痹	痹	bi2	
俾	俾	bi2	
蔽	蔽	bi2	
幣	币	bi2	
斃	毙	bi2	
肥	肥	bi2	白讀
敝	敝	bi6	
鐾	鐾	bi6	～刀
被	被	bi6	～頭
弊	弊	bi6	
避	避	bi6	
靡	靡	mi2	
彌	弥	mi2	
糜	糜	mi2	
迷	迷	mi2	
眉	眉	mi2	白讀
謎	谜	mi2	文讀
尾	尾	mi2	白讀 ～巴
米	米	mi6	
味	味	mi6	白讀
未	未	mi6	白讀 還早～
微	微	mi5	白讀 ～～小
非	非	fi1	
飛	飞	fi1	
妃	妃	fi1	
榧	榧	fi1	
匪	匪	fi1	
沸	沸	fi1	
誹	诽	fi1	
廢	废	fi5	
肺	肺	fi5	
菲	菲	fi5	
翡	翡	fi5	
痱	痱	fi5	
費	费	fi5	～用
維	维	vi2	
惟	惟	vi2	
微	微	vi2	文讀
唯	唯	vi6	
吠	吠	vi6	
肥	肥	vi6	文讀
尾	尾	vi6	文讀
味	味	vi6	文讀
未	未	vi6	文讀
費	费	vi6	姓
低	低	ti1	
底	底	ti3	
抵	抵	ti3	
帝	帝	ti5	
蒂	蒂	ti5	～頭
締	缔	ti5	
嚏	嚏	thi1	
梯	梯	thi1	
體	体	thi3	
涕	涕	thi5	
剃	剃	thi5	
屜	屉	thi5	
屉	屉	thi5	
替	替	thi5	
弟	弟	di2	
逮	逮	di2	
隸	隶	di2	
隶	隶	di2	
蹄	蹄	di2	
啼	啼	di2	
題	题	di6	
提	提	di6	
堤	堤	di6	
第	第	di6	
遞	递	di6	
地	地	di6	
你	你	kni5	文讀
粘	粘	kni5	～結格牢
離	离	li2	
璃	璃	li2	
籬	篱	li2	
勵	励	li2	
荔	荔	li2	
旅	旅	li2	
犁	犁	li2	
漓	漓	li2	
梨	梨	li2	
釐	厘	li2	
狸	狸	li2	
慮	虑	li2	
麗	丽	li2	
吏	吏	li2	
俐	俐	li2	
淚	泪	li2	白讀
厲	厉	li6	
莉	莉	li6	
呂	吕	li6	
侶	侣	li6	
禮	礼	li6	
李	李	li6	
裏	里	li6	
里	里	li6	
裡	里	li6	
理	理	li6	
鯉	鲤	li6	
履	履	li6	
俚	俚	li6	
鋁	铝	li6	
黎	黎	li6	
濾	滤	li6	
例	例	li6	
利	利	li6	
痢	痢	li6	
娌	娌	li6	
機	机	ci1	
機	机	ci1	
稽	稽	ci1	
譏	讥	ci1	
飢	饥	ci1	
饑	饥	ci1	
肌	肌	ci1	
姊	姊	ci1	
悸	悸	ci1	
箕	箕	ci1	
姬	姬	ci1	
幾	几	ci1	～乎
基	基	ci1	～礎
擠	挤	ci3	
己	己	ci3	
雞	鸡	ci3	
鷄	鸡	ci3	
幾	几	ci3	～個
基	基	ci3	～地
祭	祭	ci5	
際	际	ci5	
濟	济	ci5	
劑	剂	ci5	
計	计	ci5	
繼	继	ci5	
寄	寄	ci5	
季	季	ci5	
既	既	ci5	
記	记	ci5	
冀	冀	ci5	
紀	纪	ci5	
系	系	ci5	～鞋帶
妻	妻	chi1	
棲	栖	chi1	
溪	溪	chi1	
欺	欺	chi1	
悽	凄	chi1	
悽	凄	chi1	
啓	启	chi3	
啟	启	chi3	
企	企	chi3	
起	起	chi3	
砌	砌	chi3	
豈	岂	chi5	
契	契	chi5	
氣	气	chi5	
汽	汽	chi5	
器	器	chi5	
棄	弃	chi5	
楔	楔	chi5	
杞	杞	chi5	
碶	碶	chi5	～門
去	去	chi5	白讀
蛆	蛆	chi5	～蟲
苧	苎	ji2	
薺	荠	ji2	
峙	峙	ji2	
臍	脐	ji2	
奇	奇	ji2	
騎	骑	ji2	
其	其	ji2	
棋	棋	ji2	
碁	棋	ji2	
期	期	ji2	
旗	旗	ji2	
祈	祈	ji2	
鰭	鳍	ji2	
嫉	嫉	ji2	
齊	齐	ji2	文讀
技	技	ji6	
痔	痔	ji6	
歧	歧	ji6	
妓	妓	ji6	
忌	忌	ji6	
崎	崎	ji6	
渠	渠	ji6	他
蟻	蚁	gni2	
義	义	gni2	
誼	谊	gni2	
疑	疑	gni2	
霓	霓	gni2	
泥	泥	gni2	
宜	宜	gni2	
尼	尼	gni2	
擬	拟	gni2	
膩	腻	gni2	
呢	呢	gni2	
倪	倪	gni2	姓
尾	尾	gni2	白讀 ～巴
議	议	gni6	
儀	仪	gni6	
藝	艺	gni6	
毅	毅	gni6	
貳	贰	gni6	
二	二	gni6	白讀
耳	耳	gni6	白讀
西	西	shi1	
犧	牺	shi1	
希	希	shi1	
稀	稀	shi1	
嬉	嬉	shi1	
熙	熙	shi1	
璽	玺	shi1	
徙	徙	shi1	
髓	髓	shi1	
犀	犀	shi1	
世	世	shi1	白讀
洗	洗	shi3	
喜	喜	shi3	
死	死	shi3	白讀
細	细	shi5	
婿	婿	shi5	
戲	戏	shi5	
絮	絮	shi5	白讀 棉花～
徐	徐	zhi2	
齊	齐	zhi2	白讀
餘	余	zhi2	姓
自	自	zhi6	白讀 ～家人
鋸	锯	ki5	白讀
兮	兮	yi2	
遺	遗	yi2	
姨	姨	yi2	
矣	矣	yi2	
夷	夷	yi2	
異	异	yi2	
肄	肄	yi2	
胰	胰	yi2	
移	移	yi2	
頤	颐	yi2	
繫	系	yi2	聯～
易	易	yi2	容～
奚	奚	yi6	
又	又	yi6	白讀 ～來啦
依	依	i1	
醫	医	i1	
伊	伊	i1	
衣	衣	i1	
倚	倚	i3	
已	已	i3	
以	以	i3	
椅	椅	i3	
意	意	i5	
蔫	蔫	i5	不新鮮
譜	谱	pu3	
補	补	pu3	
布	布	pu5	
怖	怖	pu5	
鋪	铺	phu1	～陳
普	普	phu3	
浦	浦	phu3	
圃	圃	phu3	
潽	潽	phu5	水沸
鋪	铺	phu5	～板
菩	菩	bu2	
葡	葡	bu2	
匍	匍	bu2	
蒲	蒲	bu2	
荸	荸	bu2	～薺
脯	脯	bu2	胸～
部	部	bu6	
簿	簿	bu6	
捕	捕	bu6	
哺	哺	bu6	
步	步	bu6	
埠	埠	bu6	
孵	孵	bu6	
殕	殕	bu6	白黴
呼	呼	fu1	
夫	夫	fu1	
膚	肤	fu1	
敷	敷	fu1	
俘	俘	fu1	
麩	麸	fu1	
甫	甫	fu1	
脯	脯	fu1	果～
府	府	fu3	
俯	俯	fu3	
腑	腑	fu3	
虎	虎	fu3	
滸	浒	fu3	
斧	斧	fu3	
釜	釜	fu3	
付	付	fu5	
賦	赋	fu5	
赴	赴	fu5	
訃	讣	fu5	
副	副	fu5	
富	富	fu5	
傅	傅	fu5	
湖	湖	vu2	
壺	壶	vu2	
乎	乎	vu2	
瓠	瓠	vu2	
葫	葫	vu2	
蕪	芜	vu2	
婦	妇	vu2	
巫	巫	vu2	
蝴	蝴	vu2	
弧	弧	vu2	
狐	狐	vu2	
糊	糊	vu2	
滬	沪	vu2	
浮	浮	vu2	文讀
吳	吴	vu2	文讀
胡	胡	vu2	～琴
務	务	vu6	
戶	户	vu6	
戸	户	vu6	
户	户	vu6	
伍	伍	vu6	
午	午	vu6	
腐	腐	vu6	
輔	辅	vu6	
武	武	vu6	
舞	舞	vu6	
侮	侮	vu6	
鵡	鹉	vu6	
父	父	vu6	
互	互	vu6	
符	符	vu6	
扶	扶	vu6	
芙	芙	vu6	
撫	抚	vu6	
誣	诬	vu6	
護	护	vu6	
附	附	vu6	
霧	雾	vu6	
戊	戊	vu6	
五	五	vu6	文讀
無	无	vu6	文讀
都	都	tu1	
堵	堵	tu3	
賭	赌	tu3	
睹	睹	tu3	
肚	肚	tu3	豬～
妒	妒	tu5	
土	土	thu3	
唾	唾	thu3	涎～
吐	吐	thu3	～痰
兔	兔	thu5	
堍	堍	thu5	～頭
吐	吐	thu5	嘔～
徒	徒	du2	
屠	屠	du2	
途	途	du2	
塗	涂	du2	
塗	涂	du2	
圖	图	du2	
度	度	du6	
渡	渡	du6	
鍍	镀	du6	
杜	杜	du6	
肚	肚	du6	～皮
努	努	nu6	
奴	奴	nu6	
娛	娱	nu6	
怒	怒	nu6	
悟	悟	nu6	
誤	误	nu6	
梧	梧	nu6	
弩	弩	nu6	
吾	吾	nu6	
晤	晤	nu6	
盧	卢	lu2	
爐	炉	lu2	
蘆	芦	lu2	
鸕	鸬	lu2	
廬	庐	lu2	
驢	驴	lu2	
路	路	lu6	
露	露	lu6	
鷺	鹭	lu6	
魯	鲁	lu6	
櫓	橹	lu6	
滷	卤	lu6	
鹵	卤	lu6	
租	租	tsu1	
祖	祖	tsu3	
組	组	tsu3	
阻	阻	tsu3	
詛	诅	tsu3	
粗	粗	tshu1	
初	初	tshu1	
楚	楚	tshu1	
礎	础	tshu1	
醋	醋	tshu5	
措	措	tshu5	
助	助	dzu6	
鋤	锄	dzu6	
蘇	苏	su1	
蔬	蔬	su1	
疏	疏	su1	
酥	酥	su1	
鬚	须	su1	牙～
數	数	su3	文讀 ～一～
素	素	su5	
塑	塑	su5	泥～木雕
訴	诉	su5	
數	数	su5	～目
姑	姑	ku1	
孤	孤	ku1	
古	古	ku3	
估	估	ku3	
股	股	ku3	
鼓	鼓	ku3	
牯	牯	ku3	
故	故	ku5	
固	固	ku5	
僱	雇	ku5	
辜	辜	ku5	
顧	顾	ku5	
枯	枯	khu1	
骷	骷	khu1	
苦	苦	khu3	
庫	库	khu5	
褲	裤	khu5	
絝	绔	khu5	
咕	咕	gu2	～～鳥叫
跍	跍	gu2	蹲下
烏	乌	u1	
污	污	u1	
嗚	呜	u1	
衣	衣	u1	
熓	𤆡	u3	火熄
椅	椅	u3	
塢	坞	u5	
惡	恶	u5	可～
焐	焐	u5	煨
居	居	ciu1	
拘	拘	ciu1	
駒	驹	ciu1	
龜	龟	ciu1	白讀
歸	归	ciu1	白讀 ～家
車	车	ciu1	～馬炮
矩	矩	ciu3	
舉	举	ciu3	
鬼	鬼	ciu3	白讀
據	据	ciu5	
句	句	ciu5	
鋸	锯	ciu5	文讀
貴	贵	ciu5	白讀
區	区	chiu1	
驅	驱	chiu1	
軀	躯	chiu1	
蛆	蛆	chiu1	文讀
虧	亏	chiu5	白讀 ～了
去	去	chiu5	文讀
距	距	jiu6	
炬	炬	jiu6	
具	具	jiu6	
瞿	瞿	jiu6	
巨	巨	jiu6	
拒	拒	jiu6	
俱	俱	jiu6	
懼	惧	jiu6	
衢	衢	jiu6	
攫	攫	jiu6	
跪	跪	jiu6	白讀
櫃	柜	jiu6	白讀
渠	渠	jiu6	水～
語	语	gniu2	
虞	虞	gniu2	姓
愚	愚	gniu2	
禺	禺	gniu2	
女	女	gniu6	
遇	遇	gniu6	
寓	寓	gniu6	
餌	饵	gniu6	～頭
蕊	蕊	gniu6	白讀 ～頭 蓓蕾
虛	虚	shiu1	
噓	嘘	shiu1	
墟	墟	shiu1	
靴	靴	shiu1	
鞾	靴	shiu1	
許	许	shiu3	
與	与	yu2	
宇	宇	yu2	
禹	禹	yu2	
輿	舆	yu2	
盂	盂	yu2	
籲	吁	yu2	
竽	竽	yu2	
余	余	yu2	我
餘	余	yu2	
漁	渔	yu2	
榆	榆	yu2	
愉	愉	yu2	
豫	豫	yu2	
喻	喻	yu2	
裕	裕	yu2	
逾	逾	yu2	
渝	渝	yu2	
愈	愈	yu2	
諭	谕	yu2	
魚	鱼	yu2	文讀
圍	围	yu2	白讀
羽	羽	yu6	
譽	誉	yu6	
雨	雨	yu6	
預	预	yu6	
御	御	yu6	
予	予	yu6	
于	于	iu1	
於	於	iu1	
迂	迂	iu1	
淤	淤	iu5	
瘀	瘀	iu5	
喂	喂	iu5	白讀 ～飯
蛛	蛛	tsyu1	
朱	朱	tsyu1	
珠	珠	tsyu1	
知	知	tsyu1	
智	智	tsyu1	
株	株	tsyu1	
諸	诸	tsyu1	
致	致	tsyu1	
侏	侏	tsyu1	
疰	疰	tsyu1	～夏
蜘	蜘	tsyu1	文讀
錐	锥	tsyu1	白讀 ～鞋
豬	猪	tsyu3	
主	主	tsyu3	
嘴	嘴	tsyu3	
拄	拄	tsyu5	
著	著	tsyu5	
蛀	蛀	tsyu5	
注	注	tsyu5	
鑄	铸	tsyu5	
制	制	tsyu5	
置	置	tsyu5	
誅	诛	tsyu5	
駐	驻	tsyu5	
癡	痴	tshyu1	
媸	媸	tshyu1	
嗤	嗤	tshyu1	
侈	侈	tshyu1	
趣	趣	tshyu1	
趨	趋	tshyu1	
糍	糍	tshyu1	～飯
餈	餈	tshyu1	～飯
吹	吹	tshyu1	白讀
取	取	tshyu3	
娶	娶	tshyu3	
鼠	鼠	tshyu3	文讀
處	处	tshyu3	相～
恥	耻	tshyu5	
處	处	tshyu5	～所
除	除	dzyu2	
池	池	dzyu2	
持	持	dzyu2	
遲	迟	dzyu2	
馳	驰	dzyu2	
弛	弛	dzyu2	
廚	厨	dzyu2	
住	住	dzyu2	
治	治	dzyu2	
稚	稚	dzyu2	
櫥	橱	dzyu2	
捶	捶	dzyu2	白讀 ～背
錘	锤	dzyu2	白讀 秤～
滯	滞	dzyu6	～底
柱	柱	dzyu6	
槌	槌	dzyu6	白讀 甩鑼～
垂	垂	dzyu6	白讀 ～落
書	书	syu1	
舒	舒	syu1	
需	需	syu1	
暑	暑	syu1	
豕	豕	syu1	
黍	黍	syu1	
尿	尿	syu1	白讀
歲	岁	syu1	白讀
須	须	syu1	必～
輸	输	syu1	運～
水	水	syu3	白讀
數	数	syu3	白讀 ～一～
庶	庶	syu5	
恕	恕	syu5	
勢	势	syu5	
貰	贳	syu5	
絮	絮	syu5	文讀
世	世	syu5	文讀
輸	输	syu5	～贏
如	如	zyu2	
殊	殊	zyu2	
抒	抒	zyu2	
茹	茹	zyu2	
曙	曙	zyu2	
墅	墅	zyu2	
乳	乳	zyu2	
汝	汝	zyu2	
儒	儒	zyu2	
孺	孺	zyu2	
誰	谁	zyu2	白讀 ～儂
樹	树	zyu2	～立
敘	叙	zyu6	
聚	聚	zyu6	
儲	储	zyu6	
序	序	zyu6	
緒	绪	zyu6	
署	署	zyu6	
薯	薯	zyu6	
豉	豉	zyu6	豆～
貯	贮	zyu6	
豎	竖	zyu6	
樹	树	zyu6	～木
擺	摆	pa3	
叭	叭	pa3	
拜	拜	pa5	
湃	湃	pa5	
派	派	pha5	
排	排	ba2	
牌	牌	ba2	
徘	徘	ba2	
敗	败	ba6	
罷	罢	ba6	～了
埋	埋	ma2	白讀
買	买	ma6	
賣	卖	ma6	
帶	带	ta5	
戴	戴	ta5	白讀
他	他	tha1	
汰	汰	tha1	
太	太	tha5	
泰	泰	tha5	
埭	埭	da2	走一～
大	大	da6	文讀
奶	奶	na6	～粉
奈	奈	na6	白讀
那	那	nha5	
賴	赖	la6	白讀
癩	癞	la6	
喇	喇	la6	
拉	拉	lha5	
齋	斋	tsa1	
追	追	tsa1	白讀
債	债	tsa5	
蔡	蔡	tsha1	姓
差	差	tsha1	～使
怎	怎	dza1	白讀
咋	咋	dza1	怎麼
撒	撒	dza1	～尿
曬	晒	sa1	
灑	洒	sa3	
豺	豺	za2	
寨	寨	za2	
柴	柴	za2	
街	街	ka1	
階	阶	ka1	白讀
解	解	ka3	～決
界	界	ka5	
芥	芥	ka5	
戒	戒	ka5	
尬	尬	ka5	尷～
疥	疥	ka5	
介	介	ka5	白讀
屆	届	ka5	白讀
隘	隘	ka5	地名
揩	揩	kha1	
楷	楷	kha1	
卡	卡	kha1	
嘎	嘎	ga2	
解	解	ga6	鋸開
外	外	nga6	白讀
雁	雁	nga6	白讀 ～鵝
挨	挨	nga6	～辰光
蟹	蟹	ha3	
哈	哈	ha5	
鞋	鞋	gha2	
啊	啊	gha2	
埃	埃	a1	
鴉	鸦	a1	白讀 ～片
挨	挨	a1	～次
阿	阿	a1	～哥
矮	矮	a3	
阿	阿	a5	文讀 ～姆 傭人
爹	爹	tia1	白讀
佳	佳	cia1	
姐	姐	cia1	
家	家	cia1	文讀
嘉	嘉	cia1	文讀
借	借	cia5	
笡	笡	chia3	斜
欺	欺	chia5	～詐
茄	茄	jia2	
寫	写	shia3	
瀉	泻	shia5	
卸	卸	shia5	
邪	邪	zhia2	
謝	谢	zhia6	
斜	斜	zhia6	
崖	崖	ya2	
涯	涯	ya2	
爺	爷	ya2	白讀
也	也	ya6	白讀
野	野	ya6	白讀
夜	夜	ya6	白讀
呀	呀	ia1	
雅	雅	ia3	
亞	亚	ia5	
霞	霞	ia5	晚～
鴉	鸦	ia5	文讀 烏～
鵶	鸦	ia5	文讀 烏～
拐	拐	kua3	
怪	怪	kua3	奇～
怪	怪	kua5	～罪
快	快	khua5	
懷	怀	gua2	白讀
歪	歪	hua5	
歪	歪	ua1	
哇	哇	ua1	
壞	坏	ua5	
芭	芭	po1	
笆	笆	po1	
巴	巴	po1	～結
把	把	po3	
靶	靶	po3	
霸	霸	po5	
壩	坝	po5	
疤	疤	po5	
怕	怕	pho5	
爬	爬	bo2	
琶	琶	bo2	
吧	吧	bo2	
扒	扒	bo2	
杷	杷	bo2	
罷	罢	bo2	～工
巴	巴	bo2	下～
耙	耙	bo6	
稗	稗	bo6	～草
䶕	𫜨	bo6	～牙
麻	麻	mo2	
嗎	吗	mo2	
螞	蚂	mo2	
馬	马	mo6	
碼	码	mo6	
瑪	玛	mo6	
罵	骂	mo6	
媽	妈	mho5	
垛	垛	to1	
朵	朵	to3	
躲	躲	to3	
剁	剁	to5	
跖	跖	tho3	～鞋底
大	大	do6	～家
孥	孥	no2	兒～
女	女	no2	兒～
拿	拿	no6	
挪	挪	no6	
遮	遮	tso1	
渣	渣	tso1	
蔗	蔗	tso5	
詐	诈	tso5	
榨	榨	tso5	
炸	炸	tso5	
乍	乍	tso5	忽然
柞	柞	tso5	
抓	抓	tso5	
叉	叉	tsho1	
杈	杈	tsho1	
釵	钗	tsho1	白讀
差	差	tsho1	～別
車	车	tsho1	
扯	扯	tsho3	
岔	岔	tsho5	
茶	茶	dzo2	
搽	搽	dzo2	
查	查	dzo2	
乍	乍	dzo2	～浦
賒	赊	so1	
沙	沙	so1	
紗	纱	so1	
莎	莎	so1	
蓑	蓑	so1	
痧	痧	so1	
所	所	so3	
赦	赦	so3	
舍	舍	so3	白讀 ～棄
舍	舍	so5	白讀 鄰～
蛇	蛇	zo2	
佘	佘	zo2	姓
社	社	zo6	
惹	惹	zo6	
麝	麝	zo6	
加	加	ko1	
家	家	ko1	白讀
嘉	嘉	ko1	白讀
賈	贾	ko3	
假	假	ko3	真～
架	架	ko5	
嫁	嫁	ko5	
價	价	ko5	
駕	驾	ko5	
稼	稼	ko5	
假	假	ko5	放～
抲	抲	kho5	捉
跨	跨	go2	白讀 ～過去
牙	牙	ngo2	
芽	芽	ngo2	
衙	衙	ngo2	
胡	胡	ngo2	～須
瓦	瓦	ngo6	
砑	砑	ngo6	～光
我	我	ngo6	
蝦	虾	ho3	
呵	呵	ho5	～癢
下	下	gho6	
夏	夏	gho6	
廈	厦	gho6	
丫	丫	o1	～頭
椏	桠	o1	～杈
阿	阿	o1	～彌陀佛
啞	哑	o3	
鴉	鸦	o3	白讀 老～
鵶	鸦	o3	白讀 老～
掗	掗	o5	～賣豆腐
彪	彪	piau1	
鏢	镖	piau1	
鑣	镳	piau1	
飆	飙	piau1	
膘	膘	piau1	
標	标	piau1	
表	表	piau3	
婊	婊	piau3	
裱	裱	piau3	
飄	飘	phiau1	
漂	漂	phiau1	～浮
漂	漂	phiau3	～白
票	票	phiau5	
瓢	瓢	biau2	
嫖	嫖	biau2	
剽	剽	biau2	
鰾	鳔	biau6	
苗	苗	miau2	
描	描	miau2	
瞄	瞄	miau2	
謬	谬	miau2	
藐	藐	miau6	
渺	渺	miau6	
秒	秒	miau6	
廟	庙	miau6	
妙	妙	miau6	
繆	缪	miau6	姓
刁	刁	tiau1	
貂	貂	tiau1	
雕	雕	tiau1	
鳥	鸟	tiau3	白讀
窵	窎	tiau3	～角
釣	钓	tiau5	
吊	吊	tiau5	
凋	凋	tiau5	
碉	碉	tiau5	
挑	挑	thiau1	
糶	粜	thiau1	
跳	跳	thiau5	
條	条	diau2	
迢	迢	diau2	
掉	掉	diau6	
調	调	diau6	
燎	燎	liau2	
遼	辽	liau2	
寥	寥	liau2	白讀
療	疗	liau2	
僚	僚	liau2	
鐐	镣	liau2	
了	了	liau2	來～
聊	聊	liau6	
撩	撩	liau6	水中撈物
蹽	蹽	liau6	抄近路
瞭	了	liau6	明～
焦	焦	ciau1	
蕉	蕉	ciau1	
椒	椒	ciau1	
昭	昭	ciau1	
招	招	ciau1	
嬌	娇	ciau1	
驕	骄	ciau1	
郊	郊	ciau1	
澆	浇	ciau1	
矯	矫	ciau1	
沼	沼	ciau1	
繳	缴	ciau1	
狡	狡	ciau1	
礁	礁	ciau1	
釗	钊	ciau1	
蛟	蛟	ciau1	
姣	姣	ciau1	
皎	皎	ciau1	
交	交	ciau1	文讀
膠	胶	ciau1	文讀
茭	茭	ciau1	文讀
覺	觉	ciau1	文讀 睡～
朝	朝	ciau1	明～
餃	饺	ciau3	
絞	绞	ciau3	文讀
鉸	铰	ciau3	文讀
照	照	ciau5	
詔	诏	ciau5	
醮	醮	ciau5	
較	较	ciau5	
教	教	ciau5	文讀
叫	叫	ciau5	
校	校	ciau5	文讀 ～對
超	超	chiau1	
俏	俏	chiau1	
敲	敲	chiau1	文讀
巧	巧	chiau3	
竅	窍	chiau5	
蹺	跷	chiau5	
翹	翘	chiau5	
喬	乔	jiau2	
僑	侨	jiau2	
橋	桥	jiau2	
蕎	荞	jiau2	
憔	憔	jiau2	
潮	潮	jiau2	
嘲	嘲	jiau2	
朝	朝	jiau2	～代
轎	轿	jiau6	
趙	赵	jiau6	
撬	撬	jiau6	
堯	尧	gniau2	
饒	饶	gniau2	
繞	绕	gniau6	
鳥	鸟	gniau6	文讀
銷	销	shiau1	
消	消	shiau1	
宵	宵	shiau1	
霄	霄	shiau1	
硝	硝	shiau1	
燒	烧	shiau1	
蕭	萧	shiau1	
簫	箫	shiau1	
肖	肖	shiau1	
嘯	啸	shiau1	
筱	筱	shiau1	
囂	嚣	shiau1	
瀟	潇	shiau1	
哨	哨	shiau1	
哮	哮	shiau1	文讀
𢳚	𫽐	shiau1	～蓋子
曉	晓	shiau3	
小	小	shiau3	
少	少	shiau3	
笑	笑	shiau5	
孝	孝	shiau5	文讀
韶	韶	zhiau2	
樵	樵	zhiau2	
召	召	zhiau6	
邵	邵	zhiau6	
紹	绍	zhiau6	
兆	兆	zhiau6	
擾	扰	zhiau6	
肇	肇	zhiau6	
搖	摇	yau2	
遙	遥	yau2	
謠	谣	yau2	
窯	窑	yau2	
窑	窑	yau2	
瑤	瑶	yau2	
耀	耀	yau2	
姚	姚	yau6	
餚	肴	yau6	
淆	淆	yau6	
鷂	鹞	yau6	
效	效	yau6	文讀
校	校	yau6	學～
妖	妖	iau1	
邀	邀	iau1	
腰	腰	iau1	
幺	幺	iau1	～二三
夭	夭	iau1	
舀	舀	iau3	
要	要	iau5	
杳	杳	iau5	
僥	侥	iau5	
吆	吆	iau5	～喝
瓜	瓜	kuo1	
寡	寡	kuo1	
剮	剐	kuo3	
掛	挂	kuo5	
褂	褂	kuo5	
卦	卦	kuo5	
誇	夸	khuo1	
誇	夸	khuo1	
胯	胯	khuo1	
垮	垮	khuo1	
訛	讹	nguo1	～詐
花	花	huo1	
化	化	huo5	
華	华	wo2	
畫	画	wo6	
話	话	wo6	
霞	霞	wo6	～浦漲
蛙	蛙	uo1	
划	划	uo1	～船
包	包	pau1	
胞	胞	pau1	
堡	堡	pau3	
飽	饱	pau3	
保	保	pau3	
寶	宝	pau3	
鴇	鸨	pau3	
褒	褒	pau3	
報	报	pau5	
豹	豹	pau5	
苞	苞	pau5	
葆	葆	pau5	
爆	爆	pau5	～裂
泡	泡	phau1	
拋	抛	phau1	
脬	脬	phau1	
炮	炮	phau5	
袍	袍	bau2	
跑	跑	bau2	
刨	刨	bau6	
褓	褓	bau6	
抱	抱	bau6	
鮑	鲍	bau6	姓
暴	暴	bau6	
庖	庖	bau6	
咆	咆	bau6	
爆	爆	bau6	～炸
毛	毛	mau2	
茅	茅	mau2	
貌	貌	mau2	
矛	矛	mau2	
貓	猫	mau2	
卯	卯	mau6	
冒	冒	mau6	
帽	帽	mau6	
錨	锚	mau6	
莫	莫	mhau5	不要
刀	刀	tau1	
島	岛	tau1	
禱	祷	tau3	
搗	捣	tau3	
倒	倒	tau3	～塌
到	到	tau5	
倒	倒	tau5	～立
滔	滔	thau1	
韜	韬	thau1	
討	讨	thau3	
套	套	thau5	
叨	叨	thau5	～光
桃	桃	dau2	
逃	逃	dau2	
淘	淘	dau2	
陶	陶	dau2	
萄	萄	dau2	
濤	涛	dau2	
道	道	dau6	
稻	稻	dau6	
蹈	蹈	dau6	
盜	盗	dau6	
導	导	dau6	
悼	悼	dau6	
腦	脑	nau6	
惱	恼	nau6	
鬧	闹	nau6	
撓	挠	nau6	
勞	劳	lau2	
牢	牢	lau2	
蘿	萝	lau2	白讀
老	老	lau6	
佬	佬	lau6	
撈	捞	lhau5	
澇	涝	lhau5	
遭	遭	tsau1	
糟	糟	tsau1	
搔	搔	tsau1	
澡	澡	tsau1	
蚤	蚤	tsau1	
藻	藻	tsau1	
早	早	tsau3	
棗	枣	tsau3	
爪	爪	tsau3	
找	找	tsau3	
躁	躁	tsau5	
竈	灶	tsau5	
罩	罩	tsau5	
操	操	tshau1	
抄	抄	tshau1	
鈔	钞	tshau1	
草	草	tshau3	
炒	炒	tshau3	
吵	吵	tshau3	
糙	糙	tshau5	
曹	曹	dzau2	
巢	巢	dzau2	
燥	燥	sau1	
臊	臊	sau1	
嫂	嫂	sau3	
掃	扫	sau3	～地
梢	梢	sau5	
稍	稍	sau5	
騷	骚	sau5	
掃	扫	sau5	～帚
槽	槽	zau2	
皁	皂	zau2	
造	造	zau6	
漕	漕	zau6	池塘
高	高	kau1	
膏	膏	kau1	
交	交	kau1	白讀
膠	胶	kau1	白讀
茭	茭	kau1	白讀 ～白
篙	篙	kau3	
稿	稿	kau3	
絞	绞	kau3	白讀
鉸	铰	kau3	白讀
羔	羔	kau5	
糕	糕	kau5	
告	告	kau5	
教	教	kau5	白讀
酵	酵	kau5	白讀
覺	觉	kau5	白讀 睏～
叫	叫	kau5	～化子
校	校	kau5	白讀 ～場
敲	敲	khau1	白讀
考	考	khau3	
拷	拷	khau3	
靠	靠	khau5	
犒	犒	khau5	
銬	铐	khau5	
烤	烤	khau5	
攪	搅	gau6	～七廿三
傲	傲	ngau2	
熬	熬	ngau2	
敖	敖	ngau2	
螯	螯	ngau2	
鰲	鳌	ngau2	
嗷	嗷	ngau2	
遨	遨	ngau2	
翱	翱	ngau2	
咬	咬	ngau6	
好	好	hau3	
蒿	蒿	hau5	
耗	耗	hau5	
孝	孝	hau5	白讀
哮	哮	hau5	白讀
豪	豪	ghau2	
壕	壕	ghau2	
毫	毫	ghau2	
浩	浩	ghau2	
嚎	嚎	ghau2	
濠	濠	ghau2	
號	号	ghau6	
效	效	ghau6	白讀 ～氣
襖	袄	au3	
拗	拗	au3	～斷
奧	奥	au5	
懊	懊	au5	
澳	澳	au5	
凹	凹	au5	
鏖	鏖	au5	
嶴	岙	au5	
拗	拗	au5	～攪，～猛江
班	班	pae1	
斑	斑	pae1	
扳	扳	pae1	
般	般	pae1	
頒	颁	pae1	
瘢	瘢	pae1	
掰	掰	pae1	～開
板	板	pae3	
版	版	pae3	
阪	阪	pae3	
坂	坂	pae3	田～
扮	扮	pae5	
絆	绊	pae5	～一跌
攀	攀	phae1	
襻	襻	phae1	紐～
帕	帕	phae1	兒化變讀 絹～
盼	盼	phae5	
牌	牌	bae2	兒化變讀 麻雀～
瓣	瓣	bae6	
辦	办	bae6	
爿	爿	bae6	
曼	曼	mae2	
蔓	蔓	mae2	
邁	迈	mae2	
埋	埋	mae2	文讀
漫	漫	mae2	文讀
蠻	蛮	mae2	野～
貓	猫	mae2	兒化變讀
爿	爿	mae2	
慢	慢	mae6	
萬	万	mae6	白讀 ～子
晚	晚	mae6	白讀 ～娘
蠻	蛮	mhae5	～好
翻	翻	fae1	
番	番	fae1	
發	发	fae1	兒化變讀 看～ 劉海
反	反	fae3	
返	返	fae3	
泛	泛	fae5	
販	贩	fae5	
帆	帆	vae2	
藩	藩	vae2	
煩	烦	vae2	
繁	繁	vae2	
樊	樊	vae2	
礬	矾	vae2	
蕃	蕃	vae2	
凡	凡	vae6	
範	范	vae6	
飯	饭	vae6	
犯	犯	vae6	
萬	万	vae6	文讀
晚	晚	vae6	文讀
丹	丹	tae1	
單	单	tae1	
擔	担	tae1	～任
兜	兜	tae1	兒化變讀 飯～
膽	胆	tae3	
撣	掸	tae3	
疸	疸	tae3	
耽	耽	tae5	
旦	旦	tae5	
擔	担	tae5	挑～
坍	坍	thae1	
灘	滩	thae1	
攤	摊	thae1	
癱	瘫	thae1	
坦	坦	thae3	
毯	毯	thae3	
炭	炭	thae5	
嘆	叹	thae5	
談	谈	dae2	
痰	痰	dae2	
檀	檀	dae2	
壇	坛	dae2	
誕	诞	dae2	
譚	谭	dae2	
潭	潭	dae2	文讀
燂	燂	dae2	燒水
彈	弹	dae2	～性
頭	头	dae2	兒化變讀 馬蘭～
但	但	dae6	
淡	淡	dae6	
蛋	蛋	dae6	
彈	弹	dae6	～子
難	难	nae2	困～
乃	乃	nae6	
難	难	nae6	～民
奈	奈	nae6	文讀
籃	篮	lae2	
藍	蓝	lae2	
蘭	兰	lae2	
闌	阑	lae2	
讕	谰	lae2	
瀾	澜	lae2	
欖	榄	lae2	
攔	拦	lae2	文讀
欄	栏	lae2	文讀
纜	缆	lae6	
覽	览	lae6	
攬	揽	lae6	
懶	懒	lae6	
濫	滥	lae6	
爛	烂	lae6	
賴	赖	lae6	文讀
贊	赞	tsae5	
讚	赞	tsae5	
斬	斩	tsae5	
盞	盏	tsae5	
濺	溅	tsae5	
餐	餐	tshae1	
攙	搀	tshae1	
羼	羼	tshae1	
參	参	tshae1	～加
菜	菜	tshae1	兒化變讀 花臉～ 薺菜
慘	惨	tshae3	
產	产	tshae3	
鏟	铲	tshae3	
燦	灿	tshae5	
懺	忏	tshae5	拜～
慚	惭	dzae2	
殘	残	dzae2	
讒	谗	dzae2	
饞	馋	dzae2	
暫	暂	dzae6	
綻	绽	dzae6	
棧	栈	dzae6	
站	站	dzae6	
賺	赚	dzae6	
三	三	sae1	
杉	杉	sae1	
衫	衫	sae1	
珊	珊	sae1	
山	山	sae1	
傘	伞	sae1	
刪	删	sae1	
散	散	sae3	
散	散	sae5	
柴	柴	zae2	兒化變讀 草～
涎	涎	zae2	
尷	尴	kae1	
奸	奸	kae1	
橄	橄	kae3	
減	减	kae3	
揀	拣	kae3	
鹼	碱	kae3	
襉	裥	kae3	
襇	裥	kae3	
柬	柬	kae3	白讀
監	监	kae5	
間	间	kae5	白讀
堪	堪	khae1	
嵌	嵌	khae1	
坎	坎	khae1	
砍	砍	khae1	
艦	舰	khae1	
勘	勘	khae1	
刊	刊	khae1	
鉛	铅	khae1	
檻	槛	khae1	門～
戡	戡	khae1	
龕	龛	khae1	神～
諫	谏	gae6	白讀 ～嘴
巖	岩	ngae2	
岩	岩	ngae2	
銜	衔	ngae2	
癌	癌	ngae2	
顏	颜	ngae2	白讀
岸	岸	ngae2	白讀
雁	雁	ngae2	白讀
眼	眼	ngae6	
瞎	瞎	hae1	兒化變讀 算命～子
喊	喊	hae3	
莧	苋	hae5	～菜
鹹	咸	ghae2	～淡
閒	闲	ghae2	
閑	闲	ghae2	
盒	盒	ghae2	兒化變讀 撲粉～
濠	濠	ghae2	兒化變讀 ～河頭
限	限	ghae5	
餡	馅	ghae5	
陷	陷	ghae5	白讀
鴨	鸭	ae3	兒化變讀
晏	晏	ae5	遲
矮	矮	ae5	兒化變讀 稱呼矮子
鰥	鳏	kuae1	
關	关	kuae1	
関	关	kuae1	
慣	惯	kuae5	
筷	筷	khuae1	兒化變讀
摜	掼	guae6	
甩	甩	guae6	
乖	乖	huae1	
環	环	wae2	
玩	玩	wae2	
頑	顽	wae2	
幻	幻	wae2	
還	还	wae2	～是 歸～
患	患	wae2	
宦	宦	wae2	
淮	淮	wae2	
壞	坏	wae2	文讀
懷	怀	wae2	文讀
槐	槐	wae2	
彎	弯	uae1	
灣	湾	uae1	
娃	娃	uae1	兒化變讀 小～
挽	挽	uae3	
𧟰	𧟰	fe1	不要
覅	𧟰	fe1	不要
𡠍	𧟰	fe1	不要
𫸻	𧟰	fe1	不要
戴	戴	te1	文讀
胎	胎	the1	
臺	台	the1	～州
苔	苔	the1	舌～
梯	梯	the1	路～
態	态	the5	
擡	抬	de2	
貸	贷	de2	
臺	台	de2	戲～
苔	苔	de2	～條
待	待	de6	
怠	怠	de6	
殆	殆	de6	
代	代	de6	
袋	袋	de6	
耐	耐	ne6	
念	念	ne6	
廿	廿	ne6	
驗	验	ne6	
騐	验	ne6	
奶	奶	nhe5	兒化變讀 ～～脯
來	来	le2	
災	灾	tse1	
栽	栽	tse1	
宰	宰	tse1	
哉	哉	tse1	
再	再	tse5	
載	载	tse5	～重
猜	猜	tshe1	
釵	钗	tshe1	文讀
且	且	tshe3	
採	采	tshe3	
采	采	tshe3	
彩	彩	tshe3	
綵	彩	tshe3	
睬	睬	tshe3	
菜	菜	tshe5	
才	才	dze2	
財	财	dze2	
材	材	dze2	木～
在	在	dze6	
腮	腮	se1	
鰓	鳃	se1	
衰	衰	se1	
帥	帅	se1	
賽	赛	se5	
裁	裁	ze2	
載	载	ze2	～子
材	材	ze2	棺～
改	改	ke3	
該	该	ke3	
開	开	khe1	
凱	凯	khe1	
慨	慨	khe5	
戤	戤	ge6	斜靠
䬵	䬵	ge6	打嗝
呆	呆	nge2	
礙	碍	nge6	
艾	艾	nge6	
海	海	he3	
孩	孩	ghe2	
亥	亥	ghe6	
害	害	ghe6	
哀	哀	e1	
愛	爱	e3	
藹	蔼	e3	
爹	爹	tie1	文讀
皆	皆	cie1	
階	阶	cie1	文讀
介	介	cie5	文讀
屆	届	cie5	文讀
茄	茄	jie6	兒化變讀
驗	验	gnie6	
騐	验	gnie6	
耶	耶	ye2	
械	械	ye2	
爺	爷	ye2	文讀
椰	椰	ye6	
也	也	ye6	文讀
夜	夜	ye6	文讀
野	野	ye6	文讀
外	外	we6	文讀
搬	搬	poe1	
巴	巴	poe1	兒化變讀 尾～
半	半	poe5	
判	判	phoe5	
潘	潘	phoe5	姓
伴	伴	boe2	
盤	盘	boe2	
磐	磐	boe2	
畔	畔	boe2	
蟠	蟠	boe2	
婆	婆	boe2	兒化變讀 老太～
耙	耙	boe2	兒化變讀 拉草～
叛	叛	boe6	
拌	拌	boe6	
瞞	瞒	moe2	
饅	馒	moe2	
鰻	鳗	moe2	
幔	幔	moe2	
漫	漫	moe2	白讀 ～白
馬	马	moe2	兒化變讀 泥～
滿	满	moe6	
端	端	toe1	
短	短	toe3	
鍛	锻	toe5	
斷	断	toe5	決～
疃	疃	thoe1	一～路
團	团	doe2	
段	段	doe6	
緞	缎	doe6	
斷	断	doe6	～開
女	女	noe2	兒化變讀 現作囡
囡	囡	noe2	
暖	暖	noe6	
巒	峦	loe2	
孿	孪	loe2	
臠	脔	loe2	
灤	滦	loe2	
鸞	鸾	loe2	
螺	螺	loe2	兒化變讀 蜓蚰～
裸	裸	loe2	兒化變讀 赤～
鑼	锣	loe2	兒化變讀 宕～
亂	乱	loe6	
卵	卵	loe6	～袋
專	专	tsoe1	
磚	砖	tsoe1	
詹	詹	tsoe1	
瞻	瞻	tsoe1	
鑽	钻	tsoe1	～洞
轉	转	tsoe3	～變
戰	战	tsoe5	
轉	转	tsoe5	～圈
鑽	钻	tsoe5	～子
川	川	tshoe1	
穿	穿	tshoe1	
車	车	tshoe1	兒化變讀 坐～
喘	喘	tshoe3	
竄	窜	tshoe5	
篡	篡	tshoe5	
串	串	tshoe5	
全	全	dzoe2	
泉	泉	dzoe2	
痊	痊	dzoe2	
篆	篆	dzoe2	
椽	椽	dzoe2	
傳	传	dzoe2	～布
纏	缠	dzoe2	文讀 ～足
纂	纂	dzoe6	
傳	传	dzoe6	～念
酸	酸	soe1	
閂	闩	soe1	
宣	宣	soe1	
喧	喧	soe1	
疝	疝	soe1	
舍	舍	soe1	文讀 宿～
奢	奢	soe3	
舍	舍	soe3	文讀 ～去
算	算	soe5	
蒜	蒜	soe5	
船	船	zoe2	
蟾	蟾	zoe2	
纏	缠	zoe2	文讀 盤～
善	善	zoe6	
羨	羡	zoe6	
然	然	zoe6	
燃	燃	zoe6	
繕	缮	zoe6	
膳	膳	zoe6	
蟬	蝉	zoe6	
旋	旋	zoe6	
擅	擅	zoe6	
禪	禅	zoe6	
單	单	zoe6	姓
鵝	鹅	ngoe2	兒化變讀 雁～
芽	芽	ngoe2	兒化變讀 綠豆～
蝦	虾	hoe1	兒化變讀
鴉	鸦	oe1	兒化變讀 火老～
鵶	鸦	oe1	兒化變讀 火老～
官	官	kuoe1	
棺	棺	kuoe1	
觀	观	kuoe1	～看
脘	脘	kuoe1	胸～頭
管	管	kuoe3	
倌	倌	kuoe3	
館	馆	kuoe3	
果	果	kuoe3	兒化變讀 祭竈～
哥	哥	kuoe3	兒化變讀 阿～
瓜	瓜	kuoe3	兒化變讀 黃金～
冠	冠	kuoe5	
灌	灌	kuoe5	
罐	罐	kuoe5	
貫	贯	kuoe5	
觀	观	kuoe5	寺～
寬	宽	khuoe1	
款	款	khuoe3	
歡	欢	huoe1	
瘓	痪	huoe1	
渙	涣	huoe1	
奐	奂	huoe1	
花	花	huoe1	兒化變讀 奶～ 嬰兒
喚	唤	huoe5	
煥	焕	huoe5	
桓	桓	woe2	
垣	垣	woe2	
援	援	woe2	
完	完	woe2	
緩	缓	woe6	
換	换	woe6	
丸	丸	woe6	
腕	腕	uoe3	
豌	豌	uoe3	
皖	皖	uoe3	
碗	碗	uoe3	
宛	宛	uoe3	
婉	婉	uoe3	
惋	惋	uoe3	
捐	捐	cioe1	
鵑	鹃	cioe1	
娟	娟	cioe1	
涓	涓	cioe1	
卷	卷	cioe3	～簾
絹	绢	cioe5	
眷	眷	cioe5	
卷	卷	cioe5	書～
圈	圈	chioe1	
犬	犬	chioe3	
勸	劝	chioe5	
券	券	chioe5	
拳	拳	jioe2	
權	权	jioe2	
顴	颧	jioe2	
倦	倦	jioe6	
元	元	gnioe2	
原	原	gnioe2	
源	源	gnioe2	
阮	阮	gnioe2	姓
願	愿	gnioe6	
軟	软	gnioe6	文讀
楦	楦	shioe1	鞋～
袁	袁	yoe2	
轅	辕	yoe2	
圓	圆	yoe2	
園	园	yoe2	
員	员	yoe2	
猿	猿	yoe2	
緣	缘	yoe2	
眩	眩	yoe2	
玄	玄	yoe2	
懸	悬	yoe2	
援	援	yoe2	
遠	远	yoe6	
縣	县	yoe6	
院	院	yoe6	
丸	丸	yoe6	
冤	冤	ioe1	
淵	渊	ioe1	
渕	渊	ioe1	
怨	怨	ioe5	
鴛	鸳	ioe5	
波	波	pou1	
菠	菠	pou1	
玻	玻	pou1	
播	播	pou5	
簸	簸	pou5	
坡	坡	phou1	
頗	颇	phou1	
剖	剖	phou1	
破	破	phou5	
婆	婆	bou2	
縛	缚	bou6	白讀
薄	薄	bou6	～荷
模	模	mou2	
蟆	蟆	mou2	
慕	慕	mou2	
驀	蓦	mou2	
摩	摩	mou2	
魔	魔	mou2	
磨	磨	mou2	～刀
暮	暮	mou6	
幕	幕	mou6	
墓	墓	mou6	
募	募	mou6	
磨	磨	mou6	石～
某	某	mou6	
多	多	tou1	
拖	拖	thou1	
妥	妥	thou3	
橢	椭	thou3	
馱	驮	dou2	
駝	驼	dou2	
惰	惰	dou2	
墮	堕	dou2	
舵	舵	dou6	
大	大	dou6	白讀
糯	糯	nou2	
懦	懦	nou2	
螺	螺	lou2	
騾	骡	lou2	
卵	卵	lou2	
裸	裸	lou2	
羅	罗	lou2	
邏	逻	lou2	
籮	箩	lou2	
鑼	锣	lou2	
虜	虏	lou2	
蘿	萝	lou2	文讀
腡	脶	lou2	手指～
擄	掳	lou6	
摟	搂	lou6	～錢
摟	搂	lou5	抱嬰兒
做	做	tsou1	
左	左	tsou3	
佐	佐	tsou3	
錯	错	tshou1	
搓	搓	tshou1	
挫	挫	tshou1	
銼	锉	tshou1	
梭	梭	sou1	
唆	唆	sou1	
啥	啥	sou1	什麼
鎖	锁	sou3	
瑣	琐	sou3	
座	座	zou2	
坐	坐	zou2	
歌	歌	kou1	
哥	哥	kou1	
戈	戈	kou1	
個	个	kou1	幾～
鍋	锅	kou3	
果	果	kou3	
裹	裹	kou3	
蝸	蜗	kou3	
過	过	kou5	
個	个	kou5	～子頭
科	科	khou1	
窠	窠	khou1	
苛	苛	khou1	
可	可	khou3	
顆	颗	khou3	
棵	棵	khou3	
課	课	khou5	
俄	俄	ngou2	
娥	娥	ngou2	
鵝	鹅	ngou6	
餓	饿	ngou6	
臥	卧	ngou6	
火	火	hou3	
夥	伙	hou3	
伙	伙	hou3	
荷	荷	hou3	薄～
貨	货	hou5	
和	和	ghou2	
禾	禾	ghou2	
河	河	ghou2	
何	何	ghou2	
荷	荷	ghou2	～花
禍	祸	ghou6	
賀	贺	ghou6	
倭	倭	ou1	
渦	涡	ou1	
阿	阿	ou1	～膠
碑	碑	pei1	
悲	悲	pei1	
卑	卑	pei1	
彼	彼	pei1	
貝	贝	pei1	
狽	狈	pei1	
褙	褙	pei1	
杯	杯	pei1	
褒	褒	pei1	
背	背	pei1	～負
揹	背	pei1	～負
輩	辈	pei5	
背	背	pei5	～脊
胚	胚	phei1	
坯	坯	phei1	
丕	丕	phei1	
轡	辔	phei1	
呸	呸	phei1	
沛	沛	phei5	
配	配	phei5	
培	培	bei2	
陪	陪	bei2	
賠	赔	bei2	
倍	倍	bei6	
佩	佩	bei6	
焙	焙	bei6	
備	备	bei6	
悖	悖	bei6	～時
裴	裴	bei6	姓
背	背	bei6	～誦
被	被	bei6	～迫
梅	梅	mei2	
枚	枚	mei2	
媒	媒	mei2	
謀	谋	mei2	
玫	玫	mei2	
牟	牟	mei2	
煤	煤	mei2	
楣	楣	mei2	
媚	媚	mei2	
貿	贸	mei2	
寐	寐	mei2	
眉	眉	mei2	
謎	谜	mei2	白讀
畝	亩	mei2	文讀
黴	霉	mei2	～天
霉	霉	mei2	～天
每	每	mei6	
美	美	mei6	
牡	牡	mei6	
茂	茂	mei6	
昧	昧	mei6	
母	母	mei6	
黴	霉	mei6	～麩
霉	霉	mei6	～麩
妹	妹	mei6	阿～
妹	妹	mei5	～～
否	否	fei3	
負	负	vei2	
阜	阜	vei2	
浮	浮	vei2	文讀
𣍐	𠊉	vei6	勿會
堆	堆	tei1	
兜	兜	tei1	
𠡒	𠡒	tei1	拉扯，～百筋
抖	抖	tei3	
陡	陡	tei3	文讀
斗	斗	tei3	升～
對	对	tei5	
鬥	斗	tei5	～爭
推	推	thei1	
偷	偷	thei1	
貪	贪	thei1	
腿	腿	thei3	
敨	敨	thei3	～開
退	退	thei5	
透	透	thei5	
探	探	thei5	
蛻	蜕	thei5	
蜕	蜕	thei5	
頭	头	dei2	
投	投	dei2	
頹	颓	dei2	
潭	潭	dei2	白讀 水淌～
墜	坠	dei6	～肚
隊	队	dei6	
豆	豆	dei6	
逗	逗	dei6	
兌	兑	dei6	
兑	兑	dei6	
骰	骰	dei6	
痘	痘	dei6	
南	南	nei2	
男	男	nei2	
內	内	nei6	
軟	软	nei6	白讀
雷	雷	lei2	
樓	楼	lei2	
蕾	蕾	lei2	
髏	髅	lei2	
儡	儡	lei2	
了	了	lei2	算～
淚	泪	lei2	文讀
累	累	lei6	
壘	垒	lei6	
類	类	lei6	
磊	磊	lei6	
擂	擂	lei6	
簍	篓	lei6	
屢	屡	lei6	
漏	漏	lei6	
陋	陋	lei6	
鄒	邹	tsei1	姓
追	追	tsei1	文讀
錐	锥	tsei1	文讀
走	走	tsei3	
最	最	tsei5	
醉	醉	tsei5	
奏	奏	tsei5	
贅	赘	tsei5	
綴	缀	tsei5	
皺	皱	tsei5	
縐	绉	tsei5	
催	催	tshei1	
炊	炊	tshei1	
瘁	瘁	tshei1	
崔	崔	tshei1	姓
吹	吹	tshei1	文讀
翠	翠	tshei5	
摧	摧	tshei5	
脆	脆	tshei5	
湊	凑	tshei5	
驟	骤	dzei6	
槌	槌	dzei6	文讀
雖	虽	sei1	
水	水	sei3	文讀
尿	尿	sei3	文讀
碎	碎	sei5	
嗽	嗽	sei5	
綏	绥	sei5	
稅	税	sei5	
税	税	sei5	
搜	搜	sei5	
餿	馊	sei5	
瘦	瘦	sei5	
祟	祟	sei5	
颼	飕	sei5	
艘	艘	sei5	
叟	叟	sei5	
歲	岁	sei5	文讀
愁	愁	zei2	
銳	锐	zei2	
鋭	锐	zei2	
睡	睡	zei2	
遂	遂	zei2	
穗	穗	zei2	
隨	随	zei2	
隧	隧	zei2	
蕊	蕊	zei2	文讀
誰	谁	zei2	文讀
垂	垂	zei2	文讀
錘	锤	zei2	文讀
捶	捶	zei2	文讀
隋	隋	zei6	
瑞	瑞	zei6	
罪	罪	zei6	
蠶	蚕	zei6	
粹	粹	zei6	
勾	勾	kei1	
鉤	钩	kei1	
溝	沟	kei1	
狗	狗	kei3	
苟	苟	kei3	
夠	够	kei5	
够	够	kei5	
構	构	kei5	
購	购	kei5	
媾	媾	kei5	
口	口	khei3	
扣	扣	khei5	
寇	寇	khei5	
蔻	蔻	khei5	
叩	叩	khei5	
跔	跔	gei2	收縮
抅	抅	gei6	頭部伏案臂上
牛	牛	ngei2	白讀
偶	偶	ngei6	
藕	藕	ngei6	
耦	耦	ngei6	
隅	隅	ngei6	
憨	憨	hei1	
酣	酣	hei1	
鱟	鲎	hei1	虹
蚶	蚶	hei1	～子
鼾	鼾	hei3	
吼	吼	hei3	
漢	汉	hei5	
罕	罕	hei5	
含	含	ghei2	
函	函	ghei2	
寒	寒	ghei2	
旱	旱	ghei2	
侯	侯	ghei2	
猴	猴	ghei2	
涵	涵	ghei2	
憾	憾	ghei2	
撼	撼	ghei2	
悍	悍	ghei2	
捍	捍	ghei2	
喉	喉	ghei2	
韓	韩	ghei6	姓
汗	汗	ghei6	
焊	焊	ghei6	
翰	翰	ghei6	
後	后	ghei6	
候	候	ghei6	
厚	厚	ghei6	
庵	庵	ei1	
暗	暗	ei1	
安	安	ei1	
鞍	鞍	ei1	
歐	欧	ei1	
甌	瓯	ei1	
嘔	呕	ei1	
毆	殴	ei1	
鷗	鸥	ei1	
謳	讴	ei1	
暗	暗	ei5	
按	按	ei5	
案	案	ei5	
圭	圭	kuei1	
閨	闺	kuei1	
規	规	kuei1	
軌	轨	kuei1	
癸	癸	kuei1	
葵	葵	kuei1	
歸	归	kuei1	文讀
龜	龟	kuei1	文讀
詭	诡	kuei3	
鬼	鬼	kuei3	文讀
儈	侩	kuei5	
劊	刽	kuei5	
檜	桧	kuei5	
桂	桂	kuei5	
鱖	鳜	kuei5	
貴	贵	kuei5	文讀
會	会	kuei5	～計
奎	奎	khuei1	
傀	傀	khuei1	
魁	魁	khuei1	
盔	盔	khuei1	
塊	块	khuei1	
虧	亏	khuei1	文讀
⿰米鬼	⿰米鬼	khuei5	
愧	愧	khuei5	
逵	逵	guei2	
窺	窥	guei6	
饋	馈	guei6	
跪	跪	guei6	文讀
櫃	柜	guei6	文讀
潰	溃	guei6	～敗
恢	恢	huei1	
灰	灰	huei1	
揮	挥	huei1	
輝	辉	huei1	
徽	徽	huei1	
賄	贿	huei1	
卉	卉	huei1	
麾	麾	huei1	
詼	诙	huei1	
悔	悔	huei5	
諱	讳	huei5	
毀	毁	huei5	
晦	晦	huei5	
誨	诲	huei5	
桅	桅	wei2	
回	回	wei2	
茴	茴	wei2	
蛔	蛔	wei2	
惠	惠	wei2	
慧	慧	wei2	
彗	彗	wei2	
圍	围	wei2	文讀
槐	槐	wei2	
違	违	wei6	
危	危	wei6	
匯	汇	wei6	
偉	伟	wei6	
韋	韦	wei6	
葦	苇	wei6	
繪	绘	wei6	
魏	魏	wei6	
緯	纬	wei6	
胃	胃	wei6	
謂	谓	wei6	
位	位	wei6	
僞	伪	wei6	
偽	伪	wei6	
衛	卫	wei6	
蝟	猬	wei6	
爲	为	wei6	
為	为	wei6	
會	会	wei6	開～
煨	煨	uei1	
威	威	uei1	
萎	萎	uei1	
委	委	uei3	
畏	畏	uei5	
慰	慰	uei5	
穢	秽	uei5	
諉	诿	uei5	
尉	尉	uei5	
喂	喂	uei5	文讀 ～飯
謬	谬	mieu2	
丟	丢	tieu1	
劉	刘	lieu2	
流	流	lieu2	
留	留	lieu2	
榴	榴	lieu2	
硫	硫	lieu2	
琉	琉	lieu2	
瘤	瘤	lieu2	
柳	柳	lieu2	
餾	馏	lieu2	
溜	溜	lieu6	
周	周	cieu1	
舟	舟	cieu1	
州	州	cieu1	
洲	洲	cieu1	
糾	纠	cieu1	
鳩	鸠	cieu1	
肘	肘	cieu3	
帚	帚	cieu3	
酒	酒	cieu3	
九	九	cieu3	
久	久	cieu3	
韭	韭	cieu3	
晝	昼	cieu5	
咒	咒	cieu5	
救	救	cieu5	
究	究	cieu5	
灸	灸	cieu5	
疚	疚	cieu5	
柩	柩	cieu5	
秋	秋	chieu1	
丘	丘	chieu1	
抽	抽	chieu1	
邱	邱	chieu1	
蚯	蚯	chieu1	
鰍	鳅	chieu1	
湫	湫	chieu1	
醜	丑	chieu3	
臭	臭	chieu5	
綢	绸	jieu2	
籌	筹	jieu2	
仇	仇	jieu2	
酬	酬	jieu2	
柔	柔	jieu2	
求	求	jieu2	
球	球	jieu2	
紂	纣	jieu2	
宙	宙	jieu2	
囚	囚	jieu2	
泅	泅	jieu2	
稠	稠	jieu2	
售	售	jieu2	
舅	舅	jieu6	
臼	臼	jieu6	
舊	旧	jieu6	
就	就	jieu6	文讀
牛	牛	gnieu2	文讀
紐	纽	gnieu6	
扭	扭	gnieu6	
鈕	钮	gnieu6	
羞	羞	shieu1	
修	修	shieu1	
休	休	shieu1	
收	收	shieu1	
朽	朽	shieu1	
首	首	shieu3	
手	手	shieu3	
守	守	shieu3	
秀	秀	shieu5	
獸	兽	shieu5	
鏽	锈	shieu5	
銹	锈	shieu5	
繡	绣	shieu5	
綉	绣	shieu5	
宿	宿	shieu5	星～
授	授	zhieu6	
受	受	zhieu6	
袖	袖	zhieu6	
壽	寿	zhieu6	
就	就	zhieu6	白讀
尤	尤	yeu2	
由	由	yeu2	
郵	邮	yeu2	
油	油	yeu2	
遊	游	yeu2	
猶	犹	yeu2	
酉	酉	yeu2	
酋	酋	yeu2	
右	右	yeu6	
有	有	yeu6	
友	友	yeu6	
釉	釉	yeu6	
誘	诱	yeu6	
又	又	yeu6	文讀
憂	忧	ieu1	
優	优	ieu1	
悠	悠	ieu1	
幽	幽	ieu1	
幼	幼	ieu1	
鞭	鞭	pii1	
編	编	pii1	
邊	边	pii1	
蝙	蝙	pii1	
貶	贬	pii3	
砭	砭	pii3	
扁	扁	pii3	
匾	匾	pii3	
變	变	pii5	
遍	遍	pii5	
篇	篇	phii1	
偏	偏	phii1	
翩	翩	phii1	
騙	骗	phii5	
片	片	phii5	
緶	缏	bii2	一種針法
便	便	bii2	～宜
辨	辨	bii6	
辯	辩	bii6	
辮	辫	bii6	
卞	卞	bii6	
汴	汴	bii6	
便	便	bii6	～當
綿	绵	mii2	
棉	棉	mii2	
眠	眠	mii2	
免	免	mii6	
勉	勉	mii6	
娩	娩	mii6	
緬	缅	mii6	
面	面	mii6	
麪	面	mii6	
麵	面	mii6	
顛	颠	tii1	
巔	巅	tii1	
癲	癫	tii1	
踮	踮	tii1	
惦	惦	tii1	
掂	掂	tii1	
點	点	tii3	
典	典	tii3	
碘	碘	tii3	
店	店	tii5	
天	天	thii1	
添	添	thii1	
舔	舔	thii3	
掭	掭	thii3	～燈芯
甜	甜	dii2	
田	田	dii2	
填	填	dii2	
奠	奠	dii2	
佃	佃	dii2	
鈿	钿	dii2	銅～
甸	甸	dii2	
澱	淀	dii2	
電	电	dii6	
殿	殿	dii6	
墊	垫	dii6	
簟	簟	dii6	篾～
滇	滇	dii6	
廉	廉	lii2	
鐮	镰	lii2	
簾	帘	lii2	
連	连	lii2	
聯	联	lii2	
憐	怜	lii2	
蓮	莲	lii2	
戀	恋	lii2	
鏈	链	lii6	
殮	殓	lii6	
練	练	lii6	
煉	炼	lii6	
臉	脸	lii6	
斂	敛	lii6	
鑑	鉴	cii1	
尖	尖	cii1	
沾	沾	cii1	
瞻	瞻	cii1	
兼	兼	cii1	
艱	艰	cii1	
煎	煎	cii1	
展	展	cii1	
餞	饯	cii1	
肩	肩	cii1	
輾	辗	cii1	
氈	毡	cii1	
堅	坚	cii1	
柬	柬	cii1	文讀
檢	检	cii3	
簡	简	cii3	
繭	茧	cii3	
剪	剪	cii3	
佔	占	cii5	
劍	剑	cii5	
澗	涧	cii5	
建	建	cii5	
鐗	锏	cii5	
鐧	锏	cii5	
顫	颤	cii5	
薦	荐	cii5	
箭	箭	cii5	
間	间	cii5	文讀
諫	谏	cii5	文讀
殲	歼	chii1	
籤	签	chii1	
謙	谦	chii1	
遷	迁	chii1	
遣	遣	chii1	
箋	笺	chii1	
千	千	chii1	
牽	牵	chii1	
淺	浅	chii3	
欠	欠	chii5	
歉	歉	chii5	
縴	纤	chii5	拉～
潛	潜	jii2	
鉗	钳	jii2	
錢	钱	jii2	
件	件	jii2	
乾	乾	jii2	
掮	掮	jii2	
鍵	键	jii2	
虔	虔	jii2	
纏	缠	jii2	白讀 ～腳
漸	渐	jii6	
儉	俭	jii6	
健	健	jii6	
踐	践	jii6	
黔	黔	jii6	
閻	阎	gnii2	
嚴	严	gnii2	
鮎	鲇	gnii2	
彥	彦	gnii2	
諺	谚	gnii2	
年	年	gnii2	
儼	俨	gnii2	
研	研	gnii2	
粘	粘	gnii6	～頭樹
染	染	gnii6	
碾	碾	gnii6	
釅	酽	gnii6	上～（癮）
硯	砚	gnii6	
閃	闪	shii1	
仙	仙	shii1	
鮮	鲜	shii1	
掀	掀	shii1	
先	先	shii1	
軒	轩	shii1	
秈	籼	shii1	
腺	腺	shii1	
煽	煽	shii1	
纖	纤	shii1	～維
騸	骟	shii1	閹割
杴	杴	shii1	㽘泥～
顯	显	shii3	
險	险	shii3	
癬	癣	shii3	
陝	陕	shii3	
筅	筅	shii3	～帚
扇	扇	shii5	
搧	扇	shii5	
線	线	shii5	
綫	线	shii5	
憲	宪	shii5	
獻	献	shii5	
前	前	zhii2	
賤	贱	zhii6	
甘	甘	kii1	
柑	柑	kii1	
泔	泔	kii1	
肝	肝	kii1	
干	干	kii1	～涉
狗	狗	kii1	兒化變讀 黃～
稈	秆	kii3	
杆	杆	kii3	
竿	竿	kii3	
趕	赶	kii3	
感	感	kii3	
敢	敢	kii3	
幹	干	kii3	～部
看	看	khii1	
磡	磡	khii1	石～
寋	寋	gii2	～門
岸	岸	ngii2	
炎	炎	yii2	
鹽	盐	yii2	
檐	檐	yii2	
言	言	yii2	
賢	贤	yii2	
弦	弦	yii2	
沿	沿	yii2	
豔	艳	yii2	
艷	艳	yii2	
延	延	yii2	
閒	闲	yii2	文讀
閑	闲	yii2	文讀
顏	颜	yii2	文讀
雁	雁	yii2	文讀
咸	咸	yii2	～豐
焰	焰	yii6	
演	演	yii6	
醃	腌	yii6	
現	现	yii6	
陷	陷	yii6	文讀
掩	掩	ii1	
淹	淹	ii1	
魘	魇	ii1	
嫌	嫌	ii1	
煙	烟	ii1	
胭	胭	ii1	
燕	燕	ii5	
厭	厌	ii5	
堰	堰	ii5	
宴	宴	ii5	
咽	咽	ii5	
嚥	咽	ii5	
閹	阉	ii5	
晏	晏	ii5	姓
浜	浜	pan1	
繃	绷	pan1	
綳	绷	pan1	
伯	伯	pan1	兒化變讀 ～～
烹	烹	phan1	
𥿯	𥿯	phan1	一～葡萄
朋	朋	ban2	
彭	彭	ban2	
膨	膨	ban2	
澎	澎	ban2	
棚	棚	ban2	
𦗭	𦗭	ban2	聾～
蚌	蚌	ban6	
甏	甏	ban6	陶盛器
猛	猛	man6	
孟	孟	man6	
飯	饭	mhan5	兒化變讀 ～～，兒語
打	打	tan3	
淌	淌	than3	水～
宕	宕	dan6	延～
趤	趤	dan6	閒逛
冷	冷	lan6	
爭	争	tsan1	白讀
撐	撑	tshan1	
撑	撑	tshan1	
睜	睁	dzan2	白讀
鋥	锃	dzan2	～亮
盛	盛	dzan6	姓
牲	牲	san1	白讀
生	生	san1	白讀 學～
甥	甥	san3	白讀
省	省	san3	白讀 節～
聲	声	san3	白讀 輕～
生	生	san5	白讀 接～
羹	羹	kan1	
粳	粳	kan1	
埂	埂	kan1	
耿	耿	kan1	
更	更	kan1	白讀
庚	庚	kan1	白讀
耕	耕	kan1	白讀
梗	梗	kan1	白讀
坑	坑	khan1	
鯁	鲠	gan6	
硬	硬	ngan6	
亨	亨	han1	
夯	夯	han5	
行	行	ghan2	白讀 ～爲
桁	桁	ghan2	～條
杏	杏	ghan6	
櫻	樱	an1	白讀 ～桃
鸚	鹦	an1	白讀 ～哥
㹙	㹙	an5	小牛～
良	良	lian2	
涼	凉	lian2	
糧	粮	lian2	
樑	梁	lian2	
梁	梁	lian2	
粱	粱	lian2	
諒	谅	lian2	
輛	辆	lian2	
量	量	lian2	～米
兩	两	lian2	斤～
亮	亮	lian6	文讀
量	量	lian6	氣～
兩	两	lian6	～個
疆	疆	cian1	
張	张	cian1	
僵	僵	cian1	
蔣	蒋	cian1	
將	将	cian1	～來
腳	脚	cian1	兒化變讀 拐～
雀	雀	cian1	兒化變讀 麻～
漲	涨	cian3	
獎	奖	cian3	
槳	桨	cian3	
長	长	cian3	生～
姜	姜	cian5	
醬	酱	cian5	
漿	浆	cian5	
帳	帐	cian5	
賬	账	cian5	
脹	胀	cian5	
仗	仗	cian5	打～
將	将	cian5	～軍
槍	枪	chian1	
腔	腔	chian1	
羌	羌	chian1	
敞	敞	chian1	
強	强	chian1	勉～
强	强	chian1	勉～
鵲	鹊	chian1	兒化變讀 ～鴉
搶	抢	chian3	
廠	厂	chian3	
嗆	呛	chian5	咳嗽
𪉨	𪉨	chian5	～蟹
詳	详	jian2	
祥	祥	jian2	
腸	肠	jian2	
場	场	jian2	
翔	翔	jian2	
長	长	jian2	～短
丈	丈	jian6	
杖	杖	jian6	
仗	仗	jian6	依～
強	强	jian6	～大
强	强	jian6	～大
滰	滰	jian6	洗
娘	娘	gnian2	
壤	壤	gnian2	
瓤	瓤	gnian2	瓜～
央	央	gnian2	白讀 中～
亮	亮	gnian2	白讀 天～
仰	仰	gnian6	
釀	酿	gnian6	
讓	让	gnian6	
攘	攘	gnian6	
箱	箱	shian1	
廂	厢	shian1	
湘	湘	shian1	
襄	襄	shian1	
鑲	镶	shian1	
香	香	shian1	
享	享	shian1	
鄉	乡	shian1	
相	相	shian1	～信
響	响	shian6	
想	想	shian6	
鯗	鲞	shian6	
餉	饷	shian5	
向	向	shian5	
相	相	shian5	看～
商	商	shian5	白讀 ～量
牆	墙	zhian2	
墙	墙	zhian2	
薔	蔷	zhian2	
象	象	zhian6	
橡	橡	zhian6	
像	像	zhian6	
匠	匠	zhian6	
羊	羊	yan2	
洋	洋	yan2	
烊	烊	yan2	
楊	杨	yan2	
陽	阳	yan2	
揚	扬	yan2	
瘍	疡	yan2	
漾	漾	yan2	
養	养	yan2	～分
樣	样	yan6	
癢	痒	yan6	
鴦	鸯	ian1	
映	映	ian1	
央	央	ian1	文讀
養	养	ian3	供～
秧	秧	ian5	
殃	殃	ian5	
恙	恙	ian5	安然無～
光	光	kuan1	～火
骨	骨	kuan1	兒化變讀 紅腳～
梗	梗	kuan3	白讀
逛	逛	guan2	～～奔去
晃	晃	huan5	～來～去
橫	横	wan2	～直
撗	撗	wan3	～蜘網
橫	横	uan5	～對
幫	帮	paon1	
邦	邦	paon1	
磅	磅	paon1	
鎊	镑	paon1	
榜	榜	paon3	
綁	绑	paon3	
膀	膀	paon3	吊～子
謗	谤	paon5	
膀	膀	phaon1	大腳～
胖	胖	phaon5	
旁	旁	baon2	
龐	庞	baon2	
滂	滂	baon2	
傍	傍	baon2	
膀	膀	baon2	～胱
防	防	baon6	
棒	棒	baon6	
忙	忙	maon2	
芒	芒	maon2	
茫	茫	maon2	
盲	盲	maon2	
氓	氓	maon2	
懵	懵	maon6	
莽	莽	maon6	
蟒	蟒	maon6	
網	网	maon6	
夢	梦	maon6	
望	望	maon6	白讀
忘	忘	maon6	白讀
妄	妄	maon6	白讀
方	方	faon1	
肪	肪	faon1	
芳	芳	faon1	
妨	妨	faon1	
紡	纺	faon3	
仿	仿	faon3	
放	放	faon5	
訪	访	faon5	
坊	坊	faon5	
房	房	vaon2	
亡	亡	vaon6	
望	望	vaon6	文讀
忘	忘	vaon6	文讀
妄	妄	vaon6	文讀
當	当	taon1	～時
黨	党	taon3	
檔	档	taon3	
擋	挡	taon3	阻～
當	当	taon5	上～
擋	挡	taon5	～扶
湯	汤	thaon1	
倘	倘	thaon3	
躺	躺	thaon3	
燙	烫	thaon5	
趟	趟	thaon5	
堂	堂	daon2	
棠	棠	daon2	
螳	螳	daon2	
唐	唐	daon2	
糖	糖	daon2	
塘	塘	daon2	
溏	溏	daon2	爛～
膛	膛	daon2	
宕	宕	daon2	石～
蕩	荡	daon6	
搪	搪	daon6	～瓷
囊	囊	naon2	
曩	曩	naon2	～昔
攮	攮	naon2	～一刀
朗	朗	laon2	
廊	廊	laon2	
郎	郎	laon2	
狼	狼	laon6	
浪	浪	laon6	
莊	庄	tsaon1	
裝	装	tsaon1	
章	章	tsaon1	
樟	樟	tsaon1	
樁	桩	tsaon1	
掌	掌	tsaon1	
贓	赃	tsaon1	
髒	脏	tsaon1	骯～
葬	葬	tsaon5	
壯	壮	tsaon5	
障	障	tsaon5	
倉	仓	tshaon1	
蒼	苍	tshaon1	
艙	舱	tshaon1	
滄	沧	tshaon1	
瘡	疮	tshaon1	
昌	昌	tshaon1	
菖	菖	tshaon1	
窗	窗	tshaon1	
猖	猖	tshaon1	
創	创	tshaon1	～傷
闖	闯	tshaon3	
暢	畅	tshaon5	
唱	唱	tshaon5	
倡	倡	tshaon5	
創	创	tshaon5	開～
常	常	dzaon2	
嘗	尝	dzaon2	
償	偿	dzaon2	
藏	藏	dzaon2	
幢	幢	dzaon2	
臟	脏	dzaon2	五～
撞	撞	dzaon6	
桑	桑	saon1	
霜	霜	saon1	
孀	孀	saon1	
商	商	saon1	文讀
傷	伤	saon1	
磉	磉	saon1	
舂	舂	saon1	
喪	丧	saon1	～事
雙	双	saon3	
爽	爽	saon3	
嗓	嗓	saon3	
賞	赏	saon3	
喪	丧	saon5	～失
裳	裳	zaon2	
牀	床	zaon2	
床	床	zaon2	
上	上	zaon6	
狀	状	zaon6	
尚	尚	zaon6	
岡	冈	kaon1	
崗	岗	kaon1	
剛	刚	kaon1	
綱	纲	kaon1	
鋼	钢	kaon1	
缸	缸	kaon1	
江	江	kaon3	
講	讲	kaon3	
港	港	kaon3	
槓	杠	kaon5	
杠	杠	kaon5	
扛	扛	kaon5	
肛	肛	kaon5	
降	降	kaon5	～落
亢	亢	khaon1	
康	康	khaon1	
糠	糠	khaon1	
慷	慷	khaon1	
炕	炕	khaon1	～牀
殼	壳	khaon1	兒化變讀 礱～（糠）
抗	抗	khaon5	
囥	囥	khaon5	藏
戇	戆	gaon6	～大
吭	吭	haon5	油～氣
巷	巷	ghaon2	
昂	昂	ghaon2	
航	航	ghaon2	
杭	杭	ghaon2	
降	降	ghaon2	投～
行	行	ghaon2	銀～
項	项	ghaon6	
骯	肮	aon1	
肮	肮	aon1	
盎	盎	aon1	
光	光	kuaon1	辰～
廣	广	kuaon3	
礦	矿	khuaon1	
框	框	khuaon1	
匡	匡	khuaon1	
筐	筐	khuaon1	
眶	眶	khuaon1	
狂	狂	guaon6	
荒	荒	huaon1	
謊	谎	huaon1	
慌	慌	huaon1	
恍	恍	huaon1	
晃	晃	huaon1	
幌	幌	huaon5	
況	况	huaon5	
曠	旷	huaon5	
黃	黄	waon2	
簧	簧	waon2	
皇	皇	waon2	
蝗	蝗	waon2	
惶	惶	waon2	
王	王	waon2	
枉	枉	waon2	冤～
旺	旺	waon6	
汪	汪	uaon5	
往	往	uaon5	
枉	枉	uaon5	～然
本	本	pen3	
奔	奔	pen5	
畚	畚	pen5	
噴	喷	phen5	
盆	盆	ben2	
笨	笨	ben6	
門	门	men2	
們	们	men2	
萌	萌	men2	
蚊	蚊	men2	白讀
蜈	蜈	men2	白讀
明	明	men2	白讀 ～份
盟	盟	men2	
悶	闷	men6	
燜	焖	men6	
聞	闻	men6	白讀
問	问	men6	白讀
芬	芬	fen1	
紛	纷	fen1	
吩	吩	fen1	
分	分	fen1	～別
粉	粉	fen3	
糞	粪	fen3	
奮	奋	fen5	
墳	坟	ven2	
文	文	ven2	
紋	纹	ven2	
氛	氛	ven2	
紊	紊	ven2	
吻	吻	ven2	
刎	刎	ven2	
蚊	蚊	ven2	文讀
分	分	ven2	安～
憤	愤	ven6	
忿	忿	ven6	
焚	焚	ven6	
份	份	ven6	
聞	闻	ven6	文讀
問	问	ven6	文讀
甮	甮	ven6	勿用
登	登	ten1	
燈	灯	ten1	
敦	敦	ten1	
墩	墩	ten1	
等	等	ten3	
躉	趸	ten3	～注
頂	顶	ten3	白讀 樓～
凳	凳	ten5	
瞪	瞪	ten5	
蹬	蹬	ten5	
鐙	镫	ten5	
頓	顿	ten5	
噸	吨	ten5	
燉	炖	ten5	
吞	吞	then1	
氽	氽	then3	～長江
褪	褪	then5	～落
騰	腾	den2	
謄	誊	den2	
藤	藤	den2	
滕	滕	den2	
屯	屯	den2	
豚	豚	den2	
飩	饨	den2	
臀	臀	den2	
囤	囤	den2	
鄧	邓	den2	
沌	沌	den2	
盾	盾	den2	
遁	遁	den2	
停	停	den2	白讀
鈍	钝	den6	
能	能	nen2	
寧	宁	nen2	白讀 ～可
嫩	嫩	nen6	
侖	仑	len2	
倫	伦	len2	
淪	沦	len2	
輪	轮	len2	
綸	纶	len2	
圇	囵	len2	
棱	棱	len2	
楞	楞	len2	
菱	菱	len2	
論	论	len6	
增	增	tsen1	
憎	憎	tsen1	
甑	甑	tsen1	陶盛器
臻	臻	tsen1	
尊	尊	tsen1	
遵	遵	tsen1	
撙	撙	tsen1	～節
箏	筝	tsen1	
崢	峥	tsen1	
猙	狰	tsen1	
諍	诤	tsen1	
掙	挣	tsen1	
怎	怎	tsen1	文讀 怎麼
咋	咋	tsen1	文讀 怎麼
爭	争	tsen1	文讀
睜	睁	tsen1	文讀
曾	曾	tsen1	姓
村	村	tshen1	
忖	忖	tshen3	思～
寸	寸	tshen5	
襯	衬	tshen5	
贈	赠	dzen2	
存	存	dzen2	
蹲	蹲	dzen2	虎～山
僧	僧	sen1	
笙	笙	sen1	
森	森	sen1	
孫	孙	sen1	
猻	狲	sen1	
生	生	sen1	文讀
牲	牲	sen1	文讀
甥	甥	sen1	文讀
參	参	sen1	人～
蔘	参	sen1	人～
損	损	sen3	
省	省	sen3	文讀 節～
滲	渗	sen5	
遜	逊	sen5	
層	层	zen2	
跟	跟	ken1	
根	根	ken1	
艮	艮	ken1	
耿	耿	ken1	
哽	哽	ken1	
更	更	ken1	文讀
梗	梗	ken1	文讀
庚	庚	ken1	文讀
耕	耕	ken1	文讀
鏗	铿	khen1	
肯	肯	khen3	
懇	恳	khen3	
啃	啃	khen3	
墾	垦	khen5	
詪	詪	gen6	～老頭
很	很	hen3	
狠	狠	hen3	
恆	恒	ghen2	
恒	恒	ghen2	
衡	衡	ghen2	
痕	痕	ghen2	
莖	茎	ghen2	
恨	恨	ghen6	
恩	恩	en1	
冰	冰	pin1	
兵	兵	pin1	
彬	彬	pin1	
賓	宾	pin1	
擯	摈	pin1	～棄
濱	滨	pin1	
斌	斌	pin1	
繽	缤	pin1	
丙	丙	pin3	
餅	饼	pin3	
炳	炳	pin3	
秉	秉	pin3	
稟	禀	pin3	
柄	柄	pin3	話～
併	并	pin3	合～
并	并	pin3	合～
殯	殡	pin5	
鬢	鬓	pin5	
柄	柄	pin5	把～
拼	拼	phin1	
姘	姘	phin1	
品	品	phin3	
聘	聘	phin5	
平	平	bin2	
憑	凭	bin2	
坪	坪	bin2	
評	评	bin2	
屏	屏	bin2	
萍	萍	bin2	
蘋	苹	bin2	
頻	频	bin2	
貧	贫	bin2	
病	病	bin6	
瓶	瓶	bin6	
並	并	bin6	～且
萌	萌	min2	
鳴	鸣	min2	
名	名	min2	
民	民	min2	
明	明	min2	文讀
閩	闽	min6	
憫	悯	min6	
敏	敏	min6	
命	命	min6	
盟	盟	min6	
銘	铭	min6	
皿	皿	min6	
冥	冥	min6	
螟	螟	min6	
瞑	瞑	min6	
酩	酩	min6	
抿	抿	min6	
丁	丁	tin1	
鼎	鼎	tin3	
頂	顶	tin3	文讀
訂	订	tin5	
釘	钉	tin5	
盯	盯	tin5	
叮	叮	tin5	
疔	疔	tin5	
聽	听	thin1	
汀	汀	thin1	
廳	厅	thin1	
艇	艇	thin1	
挺	挺	thin3	
廷	廷	din2	
庭	庭	din2	
蜓	蜓	din2	
錠	锭	din2	
亭	亭	din2	
停	停	din6	
定	定	din6	
陵	陵	lin2	
凌	凌	lin2	
靈	灵	lin2	
零	零	lin2	
鈴	铃	lin2	
伶	伶	lin2	
翎	翎	lin2	
另	另	lin2	
林	林	lin2	
淋	淋	lin2	
臨	临	lin2	
鄰	邻	lin2	
鱗	鳞	lin2	
磷	磷	lin2	
霖	霖	lin2	
琳	琳	lin2	
凜	凛	lin2	
玲	玲	lin2	
齡	龄	lin2	
羚	羚	lin2	
躪	躏	lin2	
菱	菱	lin2	文讀
領	领	lin6	
檁	檩	lin6	
令	令	lin6	
嶺	岭	lin6	
吝	吝	lin6	
徵	征	cin1	
征	征	cin1	
京	京	cin1	
蒸	蒸	cin1	
荊	荆	cin1	
精	精	cin1	
晶	晶	cin1	
睛	睛	cin1	
境	境	cin1	
景	景	cin1	
症	症	cin1	
針	针	cin1	
斟	斟	cin1	
今	今	cin1	
金	金	cin1	
津	津	cin1	
進	进	cin1	
筋	筋	cin1	
巾	巾	cin1	
襟	襟	cin1	
砧	砧	cin1	
貞	贞	cin1	
晉	晋	cin1	
偵	侦	cin1	
幀	帧	cin1	
腈	腈	cin1	～肉
正	正	cin1	～月
禁	禁	cin1	不～
警	警	cin3	
整	整	cin3	
頸	颈	cin3	
錦	锦	cin3	
謹	谨	cin3	
井	井	cin3	
枕	枕	cin3	
緊	紧	cin3	
斤	斤	cin3	
經	经	cin5	
證	证	cin5	
敬	敬	cin5	
竟	竟	cin5	
鏡	镜	cin5	
政	政	cin5	
徑	径	cin5	
浸	浸	cin5	
進	进	cin5	
怔	怔	cin5	
勁	劲	cin5	～敵
正	正	cin5	公～
禁	禁	cin5	～止
清	清	chin1	
青	青	chin1	
輕	轻	chin1	
傾	倾	chin1	
蜻	蜻	chin1	
侵	侵	chin1	
親	亲	chin1	～切
請	请	chin3	
趁	趁	chin5	
秤	秤	chin5	
稱	称	chin5	
櫬	榇	chin5	
逞	逞	chin5	
蟶	蛏	chin5	
欽	钦	chin5	
寢	寝	chin5	
沁	沁	chin5	
衾	衾	chin5	
撳	揿	chin5	
卿	卿	chin5	
頃	顷	chin5	
磬	磬	chin5	
罄	罄	chin5	
慶	庆	chin5	
親	亲	chin5	～家
近	近	jin1	
僅	仅	jin1	
矜	矜	jin1	
瑾	瑾	jin1	
堇	堇	jin1	
饉	馑	jin1	
巹	卺	jin1	
覲	觐	jin1	
鯨	鲸	jin1	
儆	儆	jin1	
陣	阵	jin1	
朕	朕	jin1	
鴆	鸩	jin1	
拯	拯	jin1	
沉	沉	jin1	
塵	尘	jin1	
臣	臣	jin1	
忱	忱	jin1	
橙	橙	jin1	
城	城	jin1	
承	承	jin1	
乘	乘	jin1	
呈	呈	jin1	
誠	诚	jin1	
懲	惩	jin1	
澄	澄	jin1	
埕	埕	jin1	
丞	丞	jin1	
琴	琴	jin1	
勤	勤	jin1	
禽	禽	jin1	
擒	擒	jin1	
芹	芹	jin1	
檎	檎	jin1	
噙	噙	jin1	
情	情	jin1	
擎	擎	jin1	
黥	黥	jin1	
仍	仍	jin1	
靳	靳	jin1	
鄭	郑	jin1	
陳	陈	jin1	
成	成	jin1	
程	程	jin1	
秦	秦	jin1	
岑	岑	jin1	姓
盡	尽	jin3	
靖	靖	jin3	
剩	剩	jin3	
競	竞	jin3	
勁	劲	jin3	～道
凝	凝	gnin2	
擰	拧	gnin2	
檸	柠	gnin2	
濘	泞	gnin2	
獰	狞	gnin2	
銀	银	gnin2	
吟	吟	gnin2	
垠	垠	gnin2	
鄞	鄞	gnin2	
齦	龈	gnin2	
狺	狺	gnin2	
迎	迎	gnin2	
壬	壬	gnin2	
賃	赁	gnin2	
人	人	gnin2	白讀
仁	仁	gnin2	白讀
寧	宁	gnin2	文讀
佞	佞	gnin6	
認	认	gnin6	白讀
刃	刃	gnin6	白讀
任	任	gnin6	白讀
忍	忍	gnin6	白讀
韌	韧	gnin6	白讀
新	新	shin1	
心	心	shin1	
辛	辛	shin1	
芯	芯	shin1	
欣	欣	shin1	
鋅	锌	shin1	
薪	薪	shin1	
馨	馨	shin1	
鑫	鑫	shin1	
星	星	shin1	
腥	腥	shin1	
惺	惺	shin1	
猩	猩	shin1	
深	深	shin1	
嬸	婶	shin1	
娠	娠	shin1	
莘	莘	shin1	
升	升	shin1	
聲	声	shin1	文讀
興	兴	shin1	～旺
審	审	shin3	
醒	醒	shin3	
沈	沈	shin3	
擤	擤	shin3	～鼻涕
省	省	shin3	反～
勝	胜	shin5	
性	性	shin5	
姓	姓	shin5	
聖	圣	shin5	
迅	迅	shin5	
訊	讯	shin5	
汛	汛	shin5	
信	信	shin5	
釁	衅	shin5	
興	兴	shin5	～起
尋	寻	zhin2	
晴	晴	zhin2	
繩	绳	zhin2	
盛	盛	zhin2	茂～
靜	静	zhin6	
淨	净	zhin6	
盈	盈	zhin6	
楹	楹	zhin6	
營	营	yin2	
瑩	莹	yin2	
螢	萤	yin2	
寅	寅	yin2	
淫	淫	yin2	
形	形	yin2	
刑	刑	yin2	
型	型	yin2	
幸	幸	yin2	
邢	邢	yin2	
霪	霪	yin2	
蚓	蚓	yin2	
夤	夤	yin2	
塋	茔	yin2	
贏	赢	yin2	
嬴	嬴	yin2	
瀠	潆	yin2	
瀛	瀛	yin2	
塍	塍	yin2	田～
行	行	yin2	文讀 品～
引	引	yin6	
孕	孕	yin6	
英	英	in1	
因	因	in1	
音	音	in1	
陰	阴	in1	
姻	姻	in1	
穎	颖	in1	
嬰	婴	in1	
鷹	鹰	in1	
蠅	蝇	in1	
纓	缨	in1	
鶯	莺	in1	
罌	罂	in1	
膺	膺	in1	
櫻	樱	in1	文讀
鸚	鹦	in1	文讀
影	影	in3	
隱	隐	in3	
癮	瘾	in3	
印	印	in5	
熨	熨	in5	
飲	饮	in5	
殷	殷	in5	
蔭	荫	in5	
茵	茵	in5	
湮	湮	in5	
應	应	in5	
𢷍	𢷍	in5	量米
滾	滚	kuen3	
棍	棍	kuen5	
昆	昆	khuen1	
坤	坤	khuen1	
捆	捆	khuen3	
困	困	khuen5	
潰	溃	guen2	～膿
葷	荤	huen1	
昏	昏	huen1	
婚	婚	huen1	
餛	馄	wen2	
渾	浑	wen2	
魂	魂	wen2	文讀
混	混	wen2	～水
混	混	wen6	～合
溫	温	uen1	
温	温	uen1	
瘟	瘟	uen1	
搵	揾	uen1	～醬油
揾	揾	uen1	～醬油
穩	稳	uen3	
均	均	ciun1	
鈞	钧	ciun1	
君	君	ciun1	
軍	军	ciun1	
炯	炯	ciun1	
窘	窘	chiun1	
菌	菌	chiun1	
羣	群	jiun2	
裙	裙	jiun2	
瓊	琼	jiun2	
郡	郡	jiun6	
𡢿	𡢿	gniun2	老～ 妻
勳	勋	shiun1	
薰	熏	shiun1	
薰	薰	shiun1	
馴	驯	shiun1	
訓	训	shiun5	
勻	匀	yun2	
韻	韵	yun2	
蘊	蕴	iun1	
蕴	蕴	iun1	
真	真	tsyun1	
鎮	镇	tsyun1	
珍	珍	tsyun1	
診	诊	tsyun1	
疹	疹	tsyun1	
肫	肫	tsyun1	
峻	峻	tsyun1	
俊	俊	tsyun1	
駿	骏	tsyun1	
竣	竣	tsyun1	
準	准	tsyun3	
鎮	镇	tsyun5	
振	振	tsyun5	
震	震	tsyun5	
晉	晋	tsyun5	
春	春	tshyun1	
椿	椿	tshyun1	
蠢	蠢	tshyun1	
皴	皴	tshyun5	
身	身	syun1	
申	申	syun1	
伸	伸	syun1	
旬	旬	syun1	
詢	询	syun1	
荀	荀	syun1	
紳	绅	syun1	
呻	呻	syun1	
筍	笋	syun3	
榫	榫	syun3	
殉	殉	syun5	
舜	舜	syun5	
瞬	瞬	syun5	
浚	浚	syun5	
腎	肾	zyun2	
循	循	zyun2	
巡	巡	zyun2	
脣	唇	zyun2	
晨	晨	zyun2	
辰	辰	zyun2	
純	纯	zyun2	
蓴	莼	zyun2	
神	神	zyun2	
慎	慎	zyun2	
淳	淳	zyun2	
諄	谆	zyun2	
紉	纫	zyun2	
仞	仞	zyun2	
荏	荏	zyun2	
飪	饪	zyun2	
人	人	zyun2	文讀
仁	仁	zyun2	文讀
甚	甚	zyun6	
醇	醇	zyun6	
稔	稔	zyun6	～熟
順	顺	zyun6	
潤	润	zyun6	
認	认	zyun6	文讀
忍	忍	zyun6	文讀
刃	刃	zyun6	文讀
韌	韧	zyun6	文讀
任	任	zyun6	文讀
賃	赁	zyun6	
崩	崩	pon1	
蹦	蹦	pon1	
捧	捧	phon3	
碰	碰	phon5	
蓬	蓬	bon2	
篷	篷	bon2	
袱	袱	bon2	兒化變讀 戴頭～
蒙	蒙	mon1	
檬	檬	mon1	
朦	朦	mon1	
蠓	蠓	mon1	
風	风	fon1	
楓	枫	fon1	
瘋	疯	fon1	
豐	丰	fon1	
丰	丰	fon1	
封	封	fon1	
峯	峰	fon1	
鋒	锋	fon1	
蜂	蜂	fon1	
烽	烽	fon1	
諷	讽	fon5	
俸	俸	fon5	
逢	逢	von2	
縫	缝	von2	～衣
奉	奉	von6	
鳳	凤	von6	
馮	冯	von6	
縫	缝	von6	裂～
東	东	ton1	
冬	冬	ton1	
懂	懂	ton3	
董	董	ton3	
凍	冻	ton5	
棟	栋	ton5	
通	通	thon1	
捅	捅	thon3	
統	统	thon3	
痛	痛	thon5	
同	同	don2	
銅	铜	don2	
桐	桐	don2	
筒	筒	don2	
童	童	don2	
彤	彤	don2	
瞳	瞳	don2	
桶	桶	don6	
動	动	don6	
洞	洞	don6	
恫	恫	don6	
農	农	non2	
膿	脓	non2	
齈	齈	non5	～鼻頭
龍	龙	lon2	
隆	隆	lon2	
聾	聋	lon2	
礱	砻	lon2	
朧	胧	lon2	
籠	笼	lon2	鳥～
路	路	lon2	兒化變讀 引～幡
六	六	lon2	兒化變讀 十五～
攏	拢	lon6	
隴	陇	lon6	
壟	垄	lon6	
弄	弄	lon6	
籠	笼	lon6	～絡
鬃	鬃	tson1	
宗	宗	tson1	
蹤	踪	tson1	
棕	棕	tson1	
忠	忠	tson1	
鐘	钟	tson1	
衷	衷	tson1	
盅	盅	tson1	
鍾	锺	tson1	
冢	冢	tson1	
中	中	tson1	～心
總	总	tson3	
腫	肿	tson3	
種	种	tson3	～子
終	终	tson5	
縱	纵	tson5	
綜	综	tson5	
糉	粽	tson5	
粽	粽	tson5	
衆	众	tson5	
眾	众	tson5	
種	种	tson5	～田
中	中	tson5	射～
聰	聪	tshon1	
匆	匆	tshon1	
蔥	葱	tshon1	
囪	囱	tshon1	
充	充	tshon1	
衝	冲	tshon1	
慫	怂	tshon1	
寵	宠	tshon1	
銃	铳	tshon5	
叢	丛	dzon2	
從	从	dzon2	
蟲	虫	dzon2	
崇	崇	dzon2	
茸	茸	dzon2	
重	重	dzon2	～復
訟	讼	dzon6	
仲	仲	dzon6	
誦	诵	dzon6	
頌	颂	dzon6	
重	重	dzon6	～要
鬆	松	son1	
松	松	son1	
嵩	嵩	son1	
叔	叔	son1	兒化變讀 阿～
聳	耸	son3	
送	送	son5	
宋	宋	son5	
公	公	kon1	
蚣	蚣	kon1	
工	工	kon1	
功	功	kon1	
攻	攻	kon1	
弓	弓	kon1	
躬	躬	kon1	
宮	宫	kon1	
恭	恭	kon1	
汞	汞	kon1	
龔	龚	kon1	
鞏	巩	kon3	
拱	拱	kon3	
供	供	kon5	
貢	贡	kon5	
空	空	khon1	～虛
孔	孔	khon3	
恐	恐	khon3	
控	控	khon5	
空	空	khon5	～缺
共	共	gon3	
哄	哄	hon3	～騙
轟	轰	hon5	
烘	烘	hon5	
哄	哄	hon5	起～
弘	弘	ghon2	
宏	宏	ghon2	
紅	红	ghon2	
洪	洪	ghon2	
鴻	鸿	ghon2	
虹	虹	ghon2	
鑊	镬	ghon2	兒化變讀 尺四～
翁	翁	on1	
屋	屋	on1	兒化變讀 東新～
甕	瓮	on3	
均	均	cion1	iun韻字又讀ion韻
鈞	钧	cion1	iun韻字又讀ion韻
君	君	cion1	iun韻字又讀ion韻
軍	军	cion1	iun韻字又讀ion韻
炯	炯	cion1	iun韻字又讀ion韻
窘	窘	chion1	iun韻字又讀ion韻
菌	菌	chion1	iun韻字又讀ion韻
窮	穷	jion2	
羣	群	jion2	iun韻字又讀ion韻
裙	裙	jion2	iun韻字又讀ion韻
瓊	琼	jion2	iun韻字又讀ion韻
郡	郡	jion6	iun韻字又讀ion韻
絨	绒	gnion2	
戎	戎	gnion2	
濃	浓	gnion2	
𡢿	𡢿	gnion2	老～ 妻 iun韻字又讀ion韻
兄	兄	shion1	
胸	胸	shion1	
兇	凶	shion1	
匈	匈	shion1	
洶	汹	shion1	
勳	勋	shion1	iun韻字又讀ion韻
薰	熏	shion1	iun韻字又讀ion韻
薰	薰	shion1	iun韻字又讀ion韻
馴	驯	shion1	iun韻字又讀ion韻
嗅	嗅	shion5	
訓	训	shion5	iun韻字又讀ion韻
榮	荣	yon2	
熒	荧	yon2	
熊	熊	yon2	
雄	雄	yon2	
融	融	yon2	
容	容	yon2	
溶	溶	yon2	
蓉	蓉	yon2	
熔	熔	yon2	
庸	庸	yon2	
雲	云	yon2	
螢	萤	yon2	
勻	匀	yon2	iun韻字又讀ion韻
韻	韵	yon2	iun韻字又讀ion韻
允	允	yon6	
用	用	yon6	
運	运	yon6	
暈	晕	yon6	
尹	尹	yon6	
閏	闰	yon6	
傭	佣	yon6	
壅	壅	ion1	～泥
蘊	蕴	ion1	iun韻字又讀ion韻
蕴	蕴	ion1	iun韻字又讀ion韻
永	永	ion3	
雍	雍	ion3	
擁	拥	ion3	
甬	甬	ion3	
勇	勇	ion3	
涌	涌	ion3	
泳	泳	ion3	
詠	咏	ion3	
踊	踊	ion3	
蛹	蛹	ion3	
恿	恿	ion3	
臃	臃	ion3	
百	百	paq7	
柏	柏	paq7	
伯	伯	paq7	
八	八	paq7	
鉢	钵	paq7	
撥	拨	paq7	
不	不	paq7	
迫	迫	paq7	
爸	爸	paq7	阿～
拍	拍	phaq7	
魄	魄	phaq7	氣～
潑	泼	phaq7	
粕	粕	phaq7	
白	白	baq8	
帛	帛	baq8	
拔	拔	baq8	
鈸	钹	baq8	
跋	跋	baq8	
勃	勃	baq8	
孛	孛	baq8	
渤	渤	baq8	
鵓	鹁	baq8	
鼻	鼻	baq8	白讀 ～頭管
陌	陌	maq8	
麥	麦	maq8	
脈	脉	maq8	
抹	抹	maq8	
沫	沫	maq8	
襪	袜	maq8	
沒	没	maq8	
末	末	maq8	
默	默	maq8	
茉	茉	maq8	
歿	殁	maq8	
沒	没	maq8	嘸沒合音
法	法	faq7	
發	发	faq7	
髮	发	faq7	
弗	弗	faq7	
拂	拂	faq7	
勿	勿	faq7	
琺	珐	faq7	
砝	砝	faq7	
乏	乏	vaq8	
伐	伐	vaq8	
筏	筏	vaq8	
罰	罚	vaq8	
閥	阀	vaq8	
佛	佛	vaq8	
物	物	vaq8	
答	答	taq7	
搭	搭	taq7	
得	得	taq7	
德	德	taq7	
褡	褡	taq7	
瘩	瘩	taq7	
掇	掇	taq7	用手端
怛	怛	taq7	～～動
𡍲	𡍲	taq7	地名
塔	塔	thaq7	
榻	榻	thaq7	
塌	塌	thaq7	
獺	獭	thaq7	
脫	脱	thaq7	
脱	脱	thaq7	
禿	秃	thaq7	
拓	拓	thaq7	～碑
忒	忒	thaq7	太
蹋	蹋	thaq7	糟～
遢	遢	thaq7	邋～
踏	踏	daq8	
特	特	daq8	
達	达	daq8	
奪	夺	daq8	
突	突	daq8	
撻	挞	daq8	
凸	凸	daq8	
沓	沓	daq8	一～紙
納	纳	naq8	
捺	捺	naq8	
衲	衲	naq8	尿～
那	那	naq7	授物示意
臘	腊	laq8	
蠟	蜡	laq8	
邋	邋	laq8	
肋	肋	laq8	
勒	勒	laq8	
辣	辣	laq8	
垃	垃	laq8	
捋	捋	laq8	
獵	猎	laq8	
欄	栏	laq8	白讀 柵～
攔	拦	laq8	白讀 ～牢
劣	劣	laq8	
嘞	嘞	laq7	～～響
則	则	tsaq7	
窄	窄	tsaq7	
責	责	tsaq7	
扎	扎	tsaq7	
札	札	tsaq7	
仄	仄	tsaq7	
卒	卒	tsaq7	
只	只	tsaq7	～身
摘	摘	tsaq7	
插	插	tshaq7	
拆	拆	tshaq7	
策	策	tshaq7	
冊	册	tshaq7	
擦	擦	tshaq7	
察	察	tshaq7	
撮	撮	tshaq7	
側	侧	tshaq7	
測	测	tshaq7	
㿭	㿭	tshaq7	皴～
漆	漆	tshaq7	白讀
赤	赤	tshaq7	白讀 ～豆
尺	尺	tshaq7	白讀
斥	斥	tshaq7	白讀 ～退
澤	泽	dzaq8	
擇	择	dzaq8	
宅	宅	dzaq8	
眨	眨	saq7	
塞	塞	saq7	
柵	栅	saq7	
澀	涩	saq7	
薩	萨	saq7	
殺	杀	saq7	
瑟	瑟	saq7	
蝨	虱	saq7	
圾	圾	saq7	
色	色	saq7	
剎	刹	saq7	
煞	煞	saq7	
霎	霎	saq7	
率	率	saq7	～領
撒	撒	saq7	～手
雜	杂	zaq8	
閘	闸	zaq8	
賊	贼	zaq8	
擇	择	zaq8	家～科
鍘	铡	zaq8	
碩	硕	zaq8	
煠	煠	zaq8	油～檜
炸	炸	zaq8	油～檜
石	石	zaq8	白讀
蛤	蛤	kaq7	
鴿	鸽	kaq7	
夾	夹	kaq7	
格	格	kaq7	
革	革	kaq7	
隔	隔	kaq7	
割	割	kaq7	
葛	葛	kaq7	
疙	疙	kaq7	
甲	甲	kaq7	白讀 盔～
胛	胛	kaq7	白讀 肩～
合	合	kaq7	～算
磕	磕	khaq7	
掐	掐	khaq7	
刻	刻	khaq7	
客	客	khaq7	
克	克	khaq7	
咳	咳	khaq7	
渴	渴	khaq7	
瞌	瞌	khaq7	
甲	甲	khaq7	白讀 指～
軋	轧	gaq8	
額	额	ngaq8	
𩓥	𫖵	nkaq7	～～動
喝	喝	haq7	
黑	黑	haq7	
赫	赫	haq7	
嚇	吓	haq7	
瞎	瞎	haq7	
郝	郝	haq7	姓
盒	盒	ghaq8	
狹	狭	ghaq8	
匣	匣	ghaq8	
轄	辖	ghaq8	
核	核	ghaq8	文讀 ～能
合	合	ghaq8	～作
壓	压	aq7	
押	押	aq7	
扼	扼	aq7	
鴨	鸭	aq7	
阿	阿	aq7	～大
峽	峡	ciaq7	
甲	甲	ciaq7	文讀 ～乙丙丁
恰	恰	chiaq7	
揠	揠	iaq7	
括	括	kuaq7	
刮	刮	kuaq7	
骨	骨	kuaq7	
闊	阔	khuaq7	
窟	窟	khuaq7	
刮	刮	guaq8	～翼梢
忽	忽	huaq7	
豁	豁	huaq7	開～
活	活	waq8	
滑	滑	waq8	
猾	猾	waq8	
杌	杌	waq8	席子
兀	兀	waq8	
囫	囫	waq8	～圇吞
魂	魂	waq8	白讀 ～靈
核	核	waq8	白讀 果～
劃	划	waq8	計～
還	还	waq8	白讀 ～是
挖	挖	uaq7	
質	质	tsyuq7	
折	折	tsyuq7	
摺	折	tsyuq7	
哲	哲	tsyuq7	
浙	浙	tsyuq7	
蜇	蜇	tsyuq7	
這	这	tsyuq7	
給	给	tsyuq7	交～
出	出	tshyuq7	
徹	彻	tshyuq7	
撤	撤	tshyuq7	
澈	澈	tshyuq7	
赤	赤	tshyuq7	白讀 ～裸
綽	绰	tshyuq7	白讀 闊～
斥	斥	tshyuq7	白讀 ～退
雪	雪	syuq7	
說	说	syuq7	
失	失	syuq7	
室	室	syuq7	
戌	戌	syuq7	
刷	刷	syuq7	
集	集	zyuq8	
十	十	zyuq8	
什	什	zyuq8	
入	入	zyuq8	
實	实	zyuq8	
術	术	zyuq8	
述	述	zyuq8	
拾	拾	zyuq8	
若	若	zyuq8	
日	日	zyuq8	文讀
習	习	zyuq8	
逼	逼	piq7	
碧	碧	piq7	
壁	壁	piq7	
璧	璧	piq7	
鱉	鳖	piq7	
憋	憋	piq7	
筆	笔	piq7	
畢	毕	piq7	
必	必	piq7	
癟	瘪	piq7	
瞥	瞥	piq7	
僻	僻	phiq7	
闢	辟	phiq7	
劈	劈	phiq7	
撇	撇	phiq7	
匹	匹	phiq7	
霹	霹	phiq7	
癖	癖	phiq7	
別	别	biq8	
蹩	蹩	biq8	
愎	愎	biq8	
弼	弼	biq8	
鼻	鼻	biq8	文讀
密	密	miq8	
蜜	蜜	miq8	
滅	灭	miq8	
蔑	蔑	miq8	
篾	篾	miq8	
冪	幂	miq8	
覓	觅	miq8	
的	的	tiq7	
滴	滴	tiq7	
嫡	嫡	tiq7	
跌	跌	tiq7	
摘	摘	tiq7	
踢	踢	thiq7	
惕	惕	thiq7	
剔	剔	thiq7	
帖	帖	thiq7	
貼	贴	thiq7	
鐵	铁	thiq7	
笛	笛	diq8	
敵	敌	diq8	
糴	籴	diq8	
疊	叠	diq8	
牒	牒	diq8	
蝶	蝶	diq8	
諜	谍	diq8	
碟	碟	diq8	
滌	涤	diq8	
迪	迪	diq8	
狄	狄	diq8	
迭	迭	diq8	
略	略	liq8	
掠	掠	liq8	
力	力	liq8	
歷	历	liq8	
立	立	liq8	
笠	笠	liq8	
列	列	liq8	
裂	裂	liq8	
烈	烈	liq8	
慄	栗	liq8	
栗	栗	liq8	
律	律	liq8	
粒	粒	liq8	
瀝	沥	liq8	
率	率	liq8	效～
劣	劣	liq8	
爵	爵	ciq7	
酌	酌	ciq7	
即	即	ciq7	
腳	脚	ciq7	
脚	脚	ciq7	
織	织	ciq7	
職	职	ciq7	
積	积	ciq7	
跡	迹	ciq7	
脊	脊	ciq7	
績	绩	ciq7	
擊	击	ciq7	
激	激	ciq7	
接	接	ciq7	
秸	秸	ciq7	
摺	摺	ciq7	
褶	褶	ciq7	
劫	劫	ciq7	
執	执	ciq7	
汁	汁	ciq7	
急	急	ciq7	
級	级	ciq7	
揭	揭	ciq7	
節	节	ciq7	
結	结	ciq7	
潔	洁	ciq7	
吉	吉	ciq7	
騭	骘	ciq7	傷陰～
莢	荚	ciq7	豆～
戟	戟	ciq7	畫～
着	着	ciq7	衣～
只	只	ciq7	白讀 ～有
給	给	ciq7	供～
甲	甲	ciq7	文讀 ～乙丙丁
頰	颊	ciq7	面～巴
鵲	鹊	chiq7	
雀	雀	chiq7	
卻	却	chiq7	
戚	戚	chiq7	
怯	怯	chiq7	
妾	妾	chiq7	
輯	辑	chiq7	
緝	缉	chiq7	
泣	泣	chiq7	
切	切	chiq7	
七	七	chiq7	
訖	讫	chiq7	
乞	乞	chiq7	
迄	迄	chiq7	
隙	隙	chiq7	
挈	挈	chiq7	～匣
尺	尺	chiq7	白讀
綽	绰	chiq7	文讀 ～號
赤	赤	chiq7	文讀
漆	漆	chiq7	文讀
吃	吃	chiq7	文讀
斥	斥	chiq7	文讀
恰	恰	chiq7	
直	直	jiq8	
值	值	jiq8	
殖	殖	jiq8	
植	植	jiq8	
極	极	jiq8	
劇	剧	jiq8	
屐	屐	jiq8	
擲	掷	jiq8	
寂	寂	jiq8	
捷	捷	jiq8	
涉	涉	jiq8	
蟄	蛰	jiq8	
及	及	jiq8	
傑	杰	jiq8	
疾	疾	jiq8	
侄	侄	jiq8	
秩	秩	jiq8	
竭	竭	jiq8	
睫	睫	jiq8	
術	术	jiq8	白～
着	着	jiq8	火～
習	习	jiq8	
虐	虐	gniq8	
瘧	疟	gniq8	
逆	逆	gniq8	
聶	聂	gniq8	
鑷	镊	gniq8	
躡	蹑	gniq8	
業	业	gniq8	
熱	热	gniq8	
孽	孽	gniq8	
捏	捏	gniq8	
鎳	镍	gniq8	
匿	匿	gniq8	
箬	箬	gniq8	
溺	溺	gniq8	
日	日	gniq8	白讀
削	削	shiq7	
息	息	shiq7	
熄	熄	shiq7	
媳	媳	shiq7	
識	识	shiq7	
式	式	shiq7	
惜	惜	shiq7	
昔	昔	shiq7	
適	适	shiq7	
釋	释	shiq7	
錫	锡	shiq7	
析	析	shiq7	
攝	摄	shiq7	
脅	胁	shiq7	
溼	湿	shiq7	
吸	吸	shiq7	
薛	薛	shiq7	
歇	歇	shiq7	
蠍	蝎	shiq7	
屑	屑	shiq7	
悉	悉	shiq7	
膝	膝	shiq7	
飾	饰	shiq7	
晰	晰	shiq7	
淅	淅	shiq7	
嚼	嚼	zhiq8	
弱	弱	zhiq8	
食	食	zhiq8	
舌	舌	zhiq8	
蝕	蚀	zhiq8	
藉	藉	zhiq8	
席	席	zhiq8	
蓆	席	zhiq8	
夕	夕	zhiq8	
射	射	zhiq8	
籍	籍	zhiq8	
汐	汐	zhiq8	
襲	袭	zhiq8	
石	石	zhiq8	～花
截	截	zhiq8	～斷
該	该	kiq7	這
藥	药	yiq8	
鑰	钥	yiq8	
躍	跃	yiq8	
翼	翼	yiq8	
亦	亦	yiq8	
譯	译	yiq8	
液	液	yiq8	
腋	腋	yiq8	
洽	洽	yiq8	
協	协	yiq8	
葉	叶	yiq8	
頁	页	yiq8	
逸	逸	yiq8	
易	易	yiq8	交～
峽	峡	yiq8	
乙	乙	iq7	
約	约	iq7	
抑	抑	iq7	
益	益	iq7	
揖	揖	iq7	
壹	壹	iq7	
噎	噎	iq7	
一	一	iq7	
溢	溢	iq7	
邑	邑	iq7	
億	亿	iq7	
憶	忆	iq7	
臆	臆	iq7	
隘	隘	iq7	狹～
菊	菊	ciuq7	
拙	拙	ciuq7	
決	决	ciuq7	
訣	诀	ciuq7	
桔	桔	ciuq7	
抉	抉	ciuq7	
鞠	鞠	ciuq7	
覺	觉	ciuq7	文讀 ～悟
缺	缺	chiuq7	
曲	曲	chiuq7	
屈	屈	chiuq7	
確	确	chiuq7	
榷	榷	chiuq7	
畜	畜	chiuq7	～牲
掘	掘	jiuq8	
倔	倔	jiuq8	
局	局	jiuq8	
軸	轴	jiuq8	
鐲	镯	jiuq8	
截	截	jiuq8	半～
血	血	shiuq7	
蓄	蓄	shiuq7	
旭	旭	shiuq7	
恤	恤	shiuq7	
畜	畜	shiuq7	～牧
疫	疫	yuq8	
役	役	yuq8	
育	育	yuq8	
悅	悦	yuq8	
悦	悦	yuq8	
閱	阅	yuq8	
月	月	yuq8	
越	越	yuq8	
粵	粤	yuq8	
穴	穴	yuq8	
域	域	yuq8	
浴	浴	yuq8	文讀
欲	欲	yuq8	
樂	乐	yuq8	音～
鬱	郁	iuq7	
博	博	poq7	
剝	剥	poq7	
卜	卜	poq7	
北	北	poq7	
搏	搏	poq7	
膊	膊	poq7	
駁	驳	poq7	
縛	缚	poq7	文讀
樸	朴	phoq7	
撲	扑	phoq7	
帕	帕	phoq7	
仆	仆	phoq7	前～後繼
薄	薄	boq8	
雹	雹	boq8	
瀑	瀑	boq8	
泊	泊	boq8	
箔	箔	boq8	
舶	舶	boq8	
匐	匐	boq8	
礴	礴	boq8	
袱	袱	boq8	白讀
伏	伏	boq8	白讀
僕	仆	boq8	～人
魄	魄	boq8	落～
摸	摸	moq8	
墨	墨	moq8	
木	木	moq8	
目	目	moq8	
穆	穆	moq8	
牧	牧	moq8	
寞	寞	moq8	
漠	漠	moq8	
膜	膜	moq8	
睦	睦	moq8	
麼	么	moq8	
莫	莫	moq8	
福	福	foq7	
幅	幅	foq7	
腹	腹	foq7	
覆	覆	foq7	
輻	辐	foq7	
蝠	蝠	foq7	
複	复	foq7	重～
服	服	voq8	
伏	伏	voq8	文讀
復	复	voq8	～原
篤	笃	toq7	
督	督	toq7	
陡	陡	toq7	白讀
託	托	thoq7	
庹	庹	thoq7	一～
拓	拓	thoq7	開～
鐸	铎	doq8	
獨	独	doq8	
讀	读	doq8	
牘	牍	doq8	
毒	毒	doq8	
犢	犊	doq8	
踱	踱	doq8	
諾	诺	noq8	
喏	喏	noq8	
落	落	loq8	
烙	烙	loq8	
駱	骆	loq8	
洛	洛	loq8	
絡	络	loq8	
酪	酪	loq8	
鹿	鹿	loq8	
祿	禄	loq8	
六	六	loq8	
陸	陆	loq8	
綠	绿	loq8	
錄	录	loq8	
碌	碌	loq8	
戮	戮	loq8	殺～
賂	赂	loq8	
麓	麓	loq8	
樂	乐	loq8	快～
摝	摝	loq7	～鈴
作	作	tsoq7	
桌	桌	tsoq7	
卓	卓	tsoq7	
琢	琢	tsoq7	
啄	啄	tsoq7	
竹	竹	tsoq7	
築	筑	tsoq7	
祝	祝	tsoq7	
粥	粥	tsoq7	
足	足	tsoq7	
燭	烛	tsoq7	
矚	瞩	tsoq7	
捉	捉	tsoq7	
囑	嘱	tsoq7	
𠛢	𠛢	tsoq7	～柴
促	促	tshoq7	
簇	簇	tshoq7	
觸	触	tshoq7	
戳	戳	tshoq7	刺入
濁	浊	dzoq8	
族	族	dzoq8	
逐	逐	dzoq8	
俗	俗	dzoq8	
續	续	dzoq8	
蜀	蜀	dzoq8	
屬	属	dzoq8	
絕	绝	dzoq8	
昨	昨	dzoq8	文讀 ～天
索	索	soq7	
速	速	soq7	
肅	肃	soq7	
縮	缩	soq7	
叔	叔	soq7	文讀
粟	粟	soq7	
束	束	soq7	
朔	朔	soq7	
宿	宿	soq7	～夜
鑿	凿	zoq8	
勺	勺	zoq8	
熟	熟	zoq8	
淑	淑	zoq8	
辱	辱	zoq8	
芍	芍	zoq8	
孰	孰	zoq8	
褥	褥	zoq8	
昨	昨	zoq8	白讀 ～日
各	各	koq7	
閣	阁	koq7	
郭	郭	koq7	
廓	廓	koq7	
角	角	koq7	
國	国	koq7	
谷	谷	koq7	
穀	谷	koq7	
覺	觉	koq7	白讀 ～渡
擱	搁	koq7	
擴	扩	khoq7	
殼	壳	khoq7	
哭	哭	khoq7	
酷	酷	khoq7	
擱	搁	goq8	
鄂	鄂	ngoq8	
鶴	鹤	ngoq8	
嶽	岳	ngoq8	
鱷	鳄	ngoq8	
齶	腭	ngoq8	
諤	谔	ngoq8	
樂	乐	ngoq8	姓
霍	霍	hoq7	
藿	藿	hoq7	
鑊	镬	ghoq8	
學	学	ghoq8	
或	或	ghoq8	
惑	惑	ghoq8	
獲	获	ghoq8	
斛	斛	ghoq8	
沃	沃	oq7	
握	握	oq7	
齷	龌	oq7	
惡	恶	oq7	～劣
屋	屋	oq7	房～
屋	屋	uoq7	～裏 家裏
吃	吃	chioq7	
肉	肉	gnioq8	
玉	玉	gnioq8	
揉	揉	gnioq8	
褥	褥	gnioq8	
浴	浴	gnioq8	白讀
欲	欲	yoq8	
浴	浴	yoq8	文讀
而	而	er2	
爾	尔	er2	
兒	儿	er2	文讀
耳	耳	er6	文讀
二	二	er6	文讀
姆	姆	m2	
畝	亩	m2	白讀
拇	拇	m2	
姆	姆	mh5	～～
無	无	mh5	白讀 ～賬得算
芋	芋	n6	～艿
你	你	n6	白讀
魚	鱼	ng2	白讀
吳	吴	ng2	白讀
五	五	ng2	白讀
兒	儿	ng2	白讀
孲	孲	nk5	～𤘅
㕶	㕶	nk5	兒語屎
