繁體	简体	吳拼	出處	備註
支	支	tsy1	2	
枝	枝	tsy1	2	
肢	肢	tsy1	1	
資	资	tsy1	1	
貲	资	tsy1	1	
咨	咨	tsy1	2	
諮	咨	tsy1	2	
粢	粢	tsy1	1	
脂	脂	tsy1	1	
鯔	鲻	tsy1	1	
緇	缁	tsy1	2	
輜	辎	tsy1	2	
㿳	㿳	tsy1	3	黑㿳㿳
茲	兹	tsy1	2	
兹	兹	tsy1	1	
滋	滋	tsy1	1	
滓	滓	tsy1	2	
幟	帜	tsy1	2	
孳	孳	tsy1	2	
之	之	tsy1	1	
芝	芝	tsy1	1	
栀	栀	tsy1	1	
梔	栀	tsy1	1	
孜	孜	tsy1	2	
窒	窒	tsy1	4	
癡	痴	tsy1	1	「假癡假呆」中，「癡」快讀時有時讀成[tsɿ53]
痴	痴	tsy1	1	「假癡假呆」中，「癡」快讀時有時讀成[tsɿ53]
煮	煮	tsy3	1	
煑	煮	tsy3	1	
止	止	tsy3	2	
趾	趾	tsy3	2	
址	址	tsy3	1	
阯	址	tsy3	1	
子	子	tsy3	1	
仔	仔	tsy3	1	
籽	籽	tsy3	1	
紫	紫	tsy3	1	
旨	旨	tsy3	2	
指	指	tsy3	1	
紙	纸	tsy3	1	
帋	纸	tsy3	1	
梓	梓	tsy3	2	
只	只	tsy3	2	只有
祇	只	tsy3	2	只有
齒	齿	tsy3	2	牙齒
歯	齿	tsy3	2	牙齒
鼠	鼠	tsy3	1	限於「老鼠」「黃鼠狼」等
飳	飳	tsy3	3	又音 僅限於「窩飳」
至	至	tsy5	1	
致	致	tsy5	2	
緻	致	tsy5	2	
志	志	tsy5	2	
誌	志	tsy5	2	
痣	痣	tsy5	1	
嗤	嗤	tshy1	2	
差	差	tshy1	2	參差
此	此	tshy3	2	
雌	雌	tshy3	1	
齒	齿	tshy3	2	齒輪
歯	齿	tshy3	2	齒輪
疵	疵	tshy3	2	
侈	侈	tshy3	2	
次	次	tshy5	1	
粢	粢	tshy5	3	粢飯
刺	刺	tshy5	1	
翅	翅	tshy5	2	
翄	翅	tshy5	2	
廁	厕	tshy5	1	
厠	厕	tshy5	1	
瓷	瓷	dzy2	1	
兹	兹	dzy2	2	
茲	兹	dzy2	2	
磁	磁	dzy2	2	
慈	慈	dzy2	1	
辭	辞	dzy2	2	
辤	辞	dzy2	2	
詞	词	dzy2	2	
祠	祠	dzy2	2	
遲	迟	dzy2	2	新讀
遅	迟	dzy2	2	新讀
持	持	dzy2	2	新讀
池	池	dzy2	2	新讀
馳	驰	dzy2	2	新讀
嗣	嗣	dzy2	2	
峙	峙	dzy6	2	新讀
恃	恃	dzy6	2	
痔	痔	dzy6	2	新讀
稚	稚	dzy6	1	幼稚園
稺	稚	dzy6	1	幼稚園
穉	稚	dzy6	1	幼稚園
滯	滞	dzy6	2	新讀
飼	饲	dzy6	1	
飤	饲	dzy6	1	
師	师	sy1	1	
獅	狮	sy1	1	
篩	筛	sy1	1	
螄	蛳	sy1	1	
詩	诗	sy1	2	
絲	丝	sy1	1	
鷥	鸶	sy1	1	
思	思	sy1	2	
司	司	sy1	1	
笥	笥	sy1	1	土笥
屍	尸	sy1	1	
尸	尸	sy1	2	
施	施	sy1	2	
𪓿	𪓿	sy1	3	
私	私	sy1	1	
俬	私	sy1	1	
斯	斯	sy1	1	
撕	撕	sy1	2	
嘶	嘶	sy1	5	
廝	厮	sy1	2	
厮	厮	sy1	2	
始	始	sy3	2	
史	史	sy3	2	
使	使	sy3	1	
駛	驶	sy3	2	
死	死	sy3	2	文讀
梳	梳	sy3	1	白讀 梳頭
矢	矢	sy3	2	
豕	豕	sy3	2	
屎	屎	sy3	2	
賜	赐	sy5	2	
四	四	sy5	1	
亖	四	sy5	1	
𦉭	四	sy5	1	
肆	肆	sy5	2	
試	试	sy5	1	
時	时	sy5	3	僅限於「日長時久」
旹	时	sy5	3	僅限於「日長時久」
時	时	zy2	1	
旹	时	zy2	1	
鰣	鲥	zy2	1	
匙	匙	zy2	2	
鋤	锄	zy2	1	白讀
耡	锄	zy2	1	白讀
鉏	锄	zy2	1	白讀
餈	糍	zy2	3	𩞁餈
糍	糍	zy2	3	𩞁餈
俟	俟	zy2	2	
竢	俟	zy2	2	
氏	氏	zy2	2	
似	似	zy2	2	
佀	似	zy2	2	
祀	祀	zy2	2	
禩	祀	zy2	2	
視	视	zy2	2	
眡	视	zy2	2	
眎	视	zy2	2	
侍	侍	zy2	2	
逝	逝	zy2	2	
嗜	嗜	zy2	2	
誓	誓	zy2	2	
如	如	zy2	1	「譬如」及「譬如勿得」快讀时，「如」有時讀成[zɿ˨˦]
示	示	zy6	1	
士	士	zy6	1	
仕	仕	zy6	1	
市	市	zy6	1	
巳	巳	zy6	1	
柿	柿	zy6	1	
柹	柿	zy6	1	
是	是	zy6	1	
昰	是	zy6	1	
字	字	zy6	1	
事	事	zy6	2	
亊	事	zy6	2	
自	自	zy6	1	文讀
祠	祠	zy6	1	祠堂
寺	寺	zy6	1	
豉	豉	zy6	1	豆豉
豎	竖	zy6	1	「橫豎」的「豎」快讀時常讀成[zɿ˨˩˧]
竪	竖	zy6	1	「橫豎」的「豎」快讀時常讀成[zɿ˨˩˧]
慈	慈	zy6	3	又音 僅限於「粉慈慈」
支	支	tsyu1	1	量詞
朱	朱	tsyu1	1	
硃	硃	tsyu1	2	
誅	诛	tsyu1	2	
蛛	蛛	tsyu1	1	
株	株	tsyu1	1	
珠	珠	tsyu1	1	
侏	侏	tsyu1	1	短侏侏
玍	玍	tsyu1	3	俗字，玍掃帚，「生」字不出頭，表示禿義
知	知	tsyu1	2	
蜘	蜘	tsyu1	2	
智	智	tsyu1	2	
炷	炷	tsyu1	1	
諸	诸	tsyu1	2	
褚	褚	tsyu1	2	
渚	渚	tsyu1	2	
置	置	tsyu1	2	
致	致	tsyu1	3	情致
滋	滋	tsyu1	3	又音 僅限於「酸滋滋」
癡	痴	tsyu1	1	「假癡假呆」中，「癡」快讀時有時讀成[tsʮ53]
痴	痴	tsyu1	1	「假癡假呆」中，「癡」快讀時有時讀成[tsʮ53]
猪	猪	tsyu3	1	
豬	猪	tsyu3	1	
主	主	tsyu3	1	
飳	飳	tsyu3	3	窩飳
嘴	嘴	tsyu3	1	
子	子	tsyu3	1	僅限於「釘子」一詞
注	注	tsyu5	1	
註	注	tsyu5	1	
拄	拄	tsyu5	1	
蛀	蛀	tsyu5	1	
疰	疰	tsyu5	1	
鑄	铸	tsyu5	1	
鋳	铸	tsyu5	1	
制	制	tsyu5	1	
製	制	tsyu5	1	
𦥐	𦥐	tsyu5	2	𦥐鞋
㨖	㨖	tsyu5	3	㨖鞋
𩋩	𩋩	tsyu5	4	𩋩鞋
趨	趋	tshyu1	2	
痴	痴	tshyu1	2	
癡	痴	tshyu1	2	
蚩	蚩	tshyu1	2	
嗤	嗤	tshyu1	2	
𠷣	嗤	tshyu1	2	
吹	吹	tshyu1	1	白讀
處	处	tshyu1	1	處暑
處	处	tshyu3	2	相處
処	处	tshyu3	2	相處
鼠	鼠	tshyu3	2	文讀
取	取	tshyu3	1	
娶	娶	tshyu3	2	
耻	耻	tshyu3	2	
恥	耻	tshyu3	2	
處	处	tshyu5	2	到處
処	处	tshyu5	2	到處
趣	趣	tshyu5	1	
覷	觑	tshyu5	1	
覰	觑	tshyu5	1	
粢	粢	tshyu5	1	粢飯
廚	厨	dzyu2	1	
厨	厨	dzyu2	1	
櫥	橱	dzyu2	1	
橱	橱	dzyu2	1	
除	除	dzyu2	1	
錘	锤	dzyu2	1	秤錘
捶	捶	dzyu2	3	
搥	捶	dzyu2	3	
炷	炷	dzyu2	3	量詞。用於點着的香
柱	柱	dzyu6	1	
治	治	dzyu6	1	
住	住	dzyu6	1	
縋	缒	dzyu6	1	縋落
槌	槌	dzyu6	2	練槌
墜	坠	dzyu6	1	耳朵墜
滯	滞	dzyu6	1	滯膯
樹	树	dzyu6	3	僅限於「解樹螂」
書	书	syu1	1	
輸	输	syu1	2	輸贏
絮	絮	syu1	2	文讀
抒	抒	syu1	2	
庶	庶	syu1	2	
庻	庶	syu1	2	
恕	恕	syu1	2	
樞	枢	syu1	2	
舒	舒	syu1	2	
貰	贳	syu1	1	貰《廣韻》舒制切，賖也，貸也。湯版記陰平，朱版記陰去。盛益民、李旭平, 2018 認爲本字是「稅」
需	需	syu1	2	
須	须	syu1	1	文讀
尿	尿	syu1	1	白讀
⿰口舒	⿰口舒	syu1	3	音舒吸气。表示疼痛
水	水	syu3	1	白讀
暑	暑	syu3	1	
黍	黍	syu3	2	
數	数	syu3	2	數一數
世	世	syu5	1	
卋	世	syu5	1	
丗	世	syu5	1	
勢	势	syu5	1	
歲	岁	syu5	1	白讀
嵗	岁	syu5	1	白讀
歳	岁	syu5	1	白讀
戍	戍	syu5	2	
四	四	syu5	3	又音 僅限於「四圍」
如	如	zyu2	1	
儲	储	zyu2	2	
𧄔	𧄔	zyu2	2	
殊	殊	zyu2	2	
儒	儒	zyu2	2	
孺	孺	zyu2	2	
蠕	蠕	zyu2	2	
蝡	蠕	zyu2	2	
薯	薯	zyu2	1	
藷	薯	zyu2	1	
餈	糍	zyu2	1	𩞁餈
糍	糍	zyu2	1	𩞁餈
豉	豉	zyu2	2	又音
鋤	锄	zyu2	3	又音
耡	锄	zyu2	3	又音
鉏	锄	zyu2	3	又音
汝	汝	zyu6	2	
叙	叙	zyu6	2	
敘	叙	zyu6	2	
敍	叙	zyu6	2	
序	序	zyu6	2	
乳	乳	zyu6	2	
緒	绪	zyu6	2	
緖	绪	zyu6	2	
聚	聚	zyu6	1	
誰	谁	zyu6	1	誰儂
孰	孰	zyu6	3	孰儂
墅	墅	zyu6	2	
豎	竖	zyu6	1	
竪	竖	zyu6	1	
樹	树	zyu6	1	
曙	曙	zyu6	2	
署	署	zyu6	2	
篦	篦	pi1	1	
螕	螕	pi1	3	
蓖	蓖	pi1	2	
屄	屄	pi1	1	
毴	屄	pi1	1	
𣭈	𣭈	pi1	2	
婢	婢	pi1	2	小娘婢
鄙	鄙	pi1	2	
箅	箅	pi1	2	
臂	臂	pi1	2	
邊	边	pi1	1	
辺	边	pi1	1	
編	编	pi1	2	
遍	遍	pi1	2	
徧	遍	pi1	2	
蝙	蝙	pi1	1	
揙	揙	pi1	1	腳斜踢
煸	煸	pi1	1	
鞭	鞭	pi1	1	
砭	砭	pi1	1	
啚	啚	pi3	3	
比	比	pi3	1	
秕	秕	pi3	1	秕子
粃	秕	pi3	1	秕子
撥渠	拨渠	pi3	1	合音
扁	扁	pi3	1	
匾	匾	pi3	1	
鯿	鳊	pi3	1	
貶	贬	pi3	1	
庇	庇	pi5	2	
秘	秘	pi5	2	
祕	秘	pi5	2	
泌	泌	pi5	2	
閉	闭	pi5	1	
陛	陛	pi5	2	
變	变	pi5	2	
変	变	pi5	2	
批	批	phi1	1	
砒	砒	phi1	1	
披	披	phi1	1	
偏	偏	phi1	1	
篇	篇	phi1	1	
痞	痞	phi5	2	
譬	譬	phi5	1	
屁	屁	phi5	1	
庇	庇	phi5	2	又音
𠜱	𠜱	phi5	1	用刀平削
嚭	嚭	phi5	1	
片	片	phi5	1	
䏒	䏒	phi5	1	
騙	骗	phi5	1	
皮	皮	bi2	1	
琵	琵	bi2	1	
脾	脾	bi2	1	
啤	啤	bi2	2	
螷	螷	bi2	3	蛤螷
枇	枇	bi2	1	
紕	纰	bi2	1	貼紕
疲	疲	bi2	2	
肥	肥	bi2	3	糞便；肥料
婢	婢	bi2	2	奴婢
痹	痹	bi2	2	
痺	痹	bi2	2	
幣	币	bi2	2	
弊	弊	bi2	2	
微	微	bi2	4	稍微，低微
便	便	bi2	1	便宜
駢	骈	bi2	2	
卞	卞	bi2	2	
汴	汴	bi2	2	
辨	辨	bi2	2	
辯	辩	bi2	2	
蹁	蹁	bi2	1	行路時腳板歪斜
被	被	bi6	1	被頭
辮	辫	bi6	1	
牑	牑	bi6	1	磚牑
坒	坒	bi6	1	和坒
斃	毙	bi6	1	
獘	毙	bi6	1	
避	避	bi6	1	
敝	敝	bi6	2	
蔽	蔽	bi6	2	
鐾	鐾	bi6	1	
便	便	bi6	1	方便
迷	迷	mi2	2	
謎	谜	mi2	2	文讀
靡	靡	mi2	2	
糜	糜	mi2	2	
彌	弥	mi2	1	阿彌陀佛
眉	眉	mi2	1	白讀
眠	眠	mi2	1	
棉	棉	mi2	1	
綿	绵	mi2	1	
緜	绵	mi2	1	
明	明	mi2	3	又音 僅限於「明朝」
米	米	mi6	1	
尾	尾	mi6	1	白讀
㝥	㝥	mi6	1	𡬍花眼𥉻
𡬍	㝥	mi6	1	𡬍花眼𥉻
免	免	mi6	1	
娩	娩	mi6	2	
勉	勉	mi6	2	
鮸	𩾃	mi6	1	
緬	缅	mi6	2	
未	未	mi6	1	還需要很長時間；還早着
味	味	mi6	1	白讀
彌	弥	mi6	1	彌海碗
面	面	mi6	1	
靣	面	mi6	1	
麪	面	mi6	1	
麫	面	mi6	1	
麵	面	mi6	1	
麺	面	mi6	1	
咪	咪	mhi5	1	
眯	眯	mhi5	1	
瞇	眯	mhi5	1	
彌	弥	mhi5	3	僅限於「彌滿」
米	米	mhi5	3	僅限於「米米大」
面	面	mhi5	3	僅限於「面面叫」
靣	面	mhi5	3	僅限於「面面叫」
飛	飞	fi1	1	
妃	妃	fi1	1	
非	非	fi1	2	
榧	榧	fi1	1	
扉	扉	fi1	2	
霏	霏	fi1	2	
菲	菲	fi1	1	
匪	匪	fi1	2	
翡	翡	fi1	2	
蜚	蜚	fi1	2	
緋	绯	fi1	2	
斐	斐	fi1	2	
沸	沸	fi1	2	
肺	肺	fi5	1	
杮	杮	fi5	1	木杮
費	费	fi5	2	費用
廢	废	fi5	2	
癈	废	fi5	2	
痱	痱	fi5	1	
疿	痱	fi5	1	
吠	吠	fi5	2	又音
唯	唯	vi2	2	
維	维	vi2	2	
惟	惟	vi2	2	
肥	肥	vi2	2	文讀
微	微	vi2	2	
薇	薇	vi2	1	
費	费	vi2	2	姓
吠	吠	vi2	2	
尾	尾	vi6	1	文讀
未	未	vi6	1	
味	味	vi6	1	文讀
蒂	蒂	ti1	1	
蔕	蒂	ti1	1	
低	低	ti1	1	
掂	掂	ti1	2	
點	点	ti1	1	點心
㸃	点	ti1	1	點心
顛	颠	ti1	1	
顚	颠	ti1	1	
巔	巅	ti1	2	
巓	巅	ti1	2	
癜	癜	ti1	1	
底	底	ti3	1	
抵	抵	ti3	1	
牴	抵	ti3	1	
觝	抵	ti3	1	
搭渠	搭渠	ti3	1	合音
典	典	ti3	1	
碘	碘	ti3	2	化學元素
點	点	ti3	1	
㸃	点	ti3	1	
墊	垫	ti3	3	地名用詞，到底之處
踮	踮	ti5	1	
帝	帝	ti5	1	
締	缔	ti5	2	
渧	渧	ti5	1	
滴	滴	ti5	3	僅限於「溚溚滴」
店	店	ti5	1	
坫	坫	ti5	1	
痁	痁	ti5	1	
梯	梯	thi1	2	
涕	涕	thi1	2	
天	天	thi1	1	
兲	天	thi1	1	
添	添	thi1	1	
掭	掭	thi1	1	
㮇	㮇	thi1	3	
栝	栝	thi1	2	火栝
體	体	thi3	1	
軆	体	thi3	1	
舔	舔	thi3	1	
剃	剃	thi5	1	
鬀	剃	thi5	1	
薙	剃	thi5	1	
屜	屉	thi5	2	
屉	屉	thi5	2	
替	替	thi5	1	
䪆	䪆	thi5	1	細軟；細膩；滑爽
添	添	thi5	3	①襯；夾 ②往磨眼裏續（米、黃豆等）
堤	堤	di2	1	
隄	堤	di2	1	
提	提	di2	1	
題	题	di2	2	
鯷	鳀	di2	1	
蹄	蹄	di2	1	
蹏	蹄	di2	1	
啼	啼	di2	2	
嗁	啼	di2	2	
娣	娣	di2	2	
隶	隶	di2	2	
隸	隶	di2	2	
隷	隶	di2	2	
甜	甜	di2	1	
田	田	di2	1	
佃	佃	di2	2	
殿	殿	di2	2	
奠	奠	di2	2	
填	填	di2	1	
塡	填	di2	1	
弟	弟	di6	1	
簟	簟	di6	1	
第	第	di6	1	
地	地	di6	1	
逮	逮	di6	2	
遞	递	di6	2	
逓	递	di6	2	
墊	垫	di6	1	
電	电	di6	1	
鈿	钿	di6	1	
黎	黎	li2	2	
犁	犁	li2	1	
犂	犁	li2	1	
梨	梨	li2	2	
棃	梨	li2	2	
厘	厘	li2	2	
釐	厘	li2	2	
狸	狸	li2	2	
貍	狸	li2	2	
離	离	li2	1	
籬	篱	li2	2	
篱	篱	li2	2	
璃	璃	li2	1	
琍	璃	li2	1	
瓈	璃	li2	1	
驢	驴	li2	1	
聯	联	li2	2	
憐	怜	li2	1	
連	连	li2	1	
蓮	莲	li2	1	
鰱	鲢	li2	1	
𧐖	𧐖	li2	1	蚱𧐖
廉	廉	li2	1	
鐮	镰	li2	1	
鎌	镰	li2	1	
帘	帘	li2	1	
簾	帘	li2	1	
亷	帘	li2	1	
奩	奁	li2	2	
匳	奁	li2	2	
匲	奁	li2	2	
泥	泥	li2	1	又音 僅限於「泥鏽」
攦	攦	li6	3	將動物等往地上猛摔使致死
禮	礼	li6	1	
礼	礼	li6	1	
鱧	鳢	li6	1	烏鱧魚
裏	里	li6	1	
裡	里	li6	1	
里	里	li6	1	
理	理	li6	1	
鯉	鲤	li6	1	
李	李	li6	1	
呂	吕	li6	2	
吕	吕	li6	2	
履	履	li6	2	
縷	缕	li6	2	
屢	屡	li6	2	又音
斂	敛	li6	1	
歛	敛	li6	1	
襝	裣	li6	3	
臉	脸	li6	1	
摙	摙	li6	1	
稴	稴	li6	3	插秧時，每株秧苗插得少
軟	软	li6	3	又音 僅限於「欺軟怕惡」
旅	旅	li6	2	
荔	荔	li6	1	
茘	荔	li6	1	
利	利	li6	1	
痢	痢	li6	1	
蜊	蜊	li6	1	
莉	莉	li6	1	
麗	丽	li6	2	
丽	丽	li6	2	
淚	泪	li6	1	白讀
泪	泪	li6	1	白讀
涙	泪	li6	1	白讀
厲	厉	li6	2	
勵	励	li6	2	
蠣	蛎	li6	1	
例	例	li6	2	
吏	吏	li6	2	
𤃀	𤃀	li6	1	液體往下滴
劙	劙	li6	3	
剺	剺	li6	1	
慮	虑	li6	2	
濾	滤	li6	2	
鍊	炼	li6	2	
煉	炼	li6	2	
楝	楝	li6	1	
殮	殓	li6	1	
練	练	li6	1	
㪝	㪝	li6	1	㪝槌
𣿊	𣿊	li6	1	燒得爛熟（一般指燒粥）
㼑	㼑	li6	1	瓜瓤
鏈	链	li6	1	
戀	恋	li6	2	
𪚁	𪚁	li6	1	
立	立	li6	3	又音 僅限於「軋立軋煞」
力	力	li6	3	又音 僅限於「白白力力」
謰	謰	lhi5	1	謰謰謱謱
齏	齑	ci1	3	
𧆌	𧆌	ci1	1	鹹𧆌
虀	虀	ci1	3	
韲	韲	ci1	3	
脂	脂	ci1	1	僅限於「胭脂」或含「胭脂」的詞語
姿	姿	ci1	3	僅限於「意姿」
几	几	ci1	1	
机	几	ci1	1	
譏	讥	ci1	2	
肌	肌	ci1	1	
機	机	ci1	1	
嘰	叽	ci1	1	
饑	饥	ci1	1	
飢	饥	ci1	2	
麂	麂	ci1	1	
䇫	䇫	ci1	3	篦䇫
箕	箕	ci1	1	
基	基	ci1	1	
稽	稽	ci1	1	
尖	尖	ci1	1	
箋	笺	ci1	2	
椾	笺	ci1	2	
牋	笺	ci1	2	
煎	煎	ci1	1	
瞻	瞻	ci1	2	
氈	毡	ci1	1	
氊	毡	ci1	1	
堅	坚	ci1	1	
諫	谏	ci1	2	
澗	涧	ci1	2	
鐗	锏	ci1	2	
鐧	锏	ci1	2	
間	间	ci1	2	時間
肩	肩	ci1	2	
艱	艰	ci1	2	
趼	趼	ci1	3	
䥛	䥛	ci1	1	沙䥛
今	今	ci1	3	僅限於「今末」
擠	挤	ci3	2	
姊	姊	ci3	1	
姉	姊	ci3	1	
雞	鸡	ci3	1	
鷄	鸡	ci3	1	
鶏	鸡	ci3	1	
鳮	鸡	ci3	1	
幾	几	ci3	1	幾個
蟣	虮	ci3	1	
己	己	ci3	1	
翦	剪	ci3	2	
剪	剪	ci3	2	
展	展	ci3	2	又音
簡	简	ci3	2	
繭	茧	ci3	1	
蠒	茧	ci3	1	
檢	检	ci3	2	
検	检	ci3	2	
柬	柬	ci3	2	
撿	捡	ci3	2	
揀	拣	ci3	2	文讀
鯽	鲫	ci5	1	河鯽魚
祭	祭	ci5	1	
際	际	ci5	2	
穄	穄	ci5	1	蘆穄
𣥼	𣥼	ci5	1	𣥼飯
濟	济	ci5	2	
済	济	ci5	2	
劑	剂	ci5	2	
剤	剂	ci5	2	
稷	稷	ci5	3	
季	季	ci5	2	
繼	继	ci5	1	
継	继	ci5	1	
寄	寄	ci5	2	
計	计	ci5	1	
記	记	ci5	1	
紀	纪	ci5	1	
繫	系	ci5	1	繫鞋帶
繋	系	ci5	1	繫鞋帶
既	既	ci5	1	
旣	既	ci5	1	
冀	冀	ci5	2	
牮	牮	ci5	1	斜着支撐
箭	箭	ci5	2	
薦	荐	ci5	2	
顫	颤	ci5	2	
占	占	ci5	1	
佔	占	ci5	1	
戰	战	ci5	2	又音
戦	战	ci5	2	又音
沾	沾	ci5	2	又音
霑	沾	ci5	2	又音
殲	歼	ci5	2	文讀
兼	兼	ci5	2	
建	建	ci5	2	
見	见	ci5	1	
筧	笕	ci5	2	
劍	剑	ci5	2	
劒	剑	ci5	2	
剣	剑	ci5	2	
間	间	ci5	2	間斷
莢	荚	ci5	3	倭豆莢
妻	妻	chi1	1	
栖	栖	chi1	1	
棲	栖	chi1	1	
凄	凄	chi1	2	
淒	凄	chi1	2	
悽	凄	chi1	2	
欺	欺	chi1	2	
溪	溪	chi1	1	
谿	溪	chi1	1	
豀	溪	chi1	1	
渓	溪	chi1	1	
蹊	蹊	chi1	3	
豈	岂	chi1	2	
弃	弃	chi1	2	
棄	弃	chi1	2	
僉	佥	chi1	2	
簽	签	chi1	1	
籤	签	chi1	2	
籖	签	chi1	2	
千	千	chi1	1	
韆	千	chi1	1	
遷	迁	chi1	1	
迁	迁	chi1	1	
殲	歼	chi1	2	白讀
槧	椠	chi1	1	削
倩	倩	chi1	2	
謙	谦	chi1	2	
歉	歉	chi1	2	
牽	牵	chi1	1	
縴	纤	chi1	1	
遣	遣	chi1	2	
啓	启	chi3	2	
啟	启	chi3	2	
唘	启	chi3	2	
启	启	chi3	2	
杞	杞	chi3	1	
起	起	chi3	1	
淺	浅	chi3	1	
𥉻	𥉻	chi5	1	近𥉻眼
覷	觑	chi5	1	又音 眯覷眼
覰	觑	chi5	1	又音 眯覷眼
契	契	chi5	1	
氣	气	chi5	1	
気	气	chi5	1	
炁	气	chi5	1	
气	气	chi5	1	
汽	汽	chi5	1	
器	器	chi5	2	
去	去	chi5	1	白讀
企	企	chi5	2	
欠	欠	chi5	1	
芡	芡	chi5	1	
齊	齐	ji2	1	齊巧
斉	齐	ji2	1	齊巧
臍	脐	ji2	1	
薺	荠	ji2	1	
鱭	鲚	ji2	1	
持	持	ji2	2	
遲	迟	ji2	1	
遅	迟	ji2	1	
池	池	ji2	1	
馳	驰	ji2	2	
稚	稚	ji2	2	白讀
稺	稚	ji2	2	白讀
穉	稚	ji2	2	白讀
箸	箸	ji2	1	筷箸籠
筯	箸	ji2	1	筷箸籠
畤	畤	ji2	3	
奇	奇	ji2	1	
竒	奇	ji2	1	
騎	骑	ji2	2	
敧	敧	ji2	1	用筷子、鉗子夾取
碕	埼	ji2	3	
埼	埼	ji2	3	
祈	祈	ji2	2	
其	其	ji2	1	其他
期	期	ji2	2	
棋	棋	ji2	1	
棊	棋	ji2	1	
碁	棋	ji2	1	
淇	淇	ji2	1	
祺	祺	ji2	1	
旗	旗	ji2	1	
旂	旗	ji2	1	
岐	岐	ji2	2	
耆	耆	ji2	2	
鰭	鳍	ji2	1	
潜	潜	ji2	2	
潛	潜	ji2	2	
錢	钱	ji2	2	
銭	钱	ji2	2	
纏	缠	ji2	1	
纒	缠	ji2	1	
踐	践	ji2	2	文讀
漸	渐	ji2	2	
賤	贱	ji2	2	
前	前	ji2	2	又音
餞	饯	ji2	2	
鉗	钳	ji2	1	
拑	拑	ji2	3	用筷子夾取食物
犍	犍	ji2	2	
乾	乾	ji2	2	
乹	乾	ji2	2	
亁	乾	ji2	2	
虔	虔	ji2	2	
儉	俭	ji2	2	
倹	俭	ji2	2	
鍵	键	ji2	2	
腱	腱	ji2	2	
掮	掮	ji2	2	
及	及	ji2	3	僅限於「……勿及」
痔	痔	ji6	1	
技	技	ji6	2	
妓	妓	ji6	2	
件	件	ji6	1	
滯	滞	ji6	1	
苧	苎	ji6	1	苧麻
𢺵	𢺵	ji6	1	
忮	忮	ji6	1	
其	其	ji6	3	
渠	渠	ji6	1	
厩	厩	ji6	1	
廐	厩	ji6	1	
廄	厩	ji6	1	
廏	厩	ji6	1	
忌	忌	ji6	1	
健	健	ji6	2	
泥	泥	gni2	1	
尼	尼	gni2	1	
埿	埿	gni2	1	用水泥、石灰等均勻塗抹
呢	呢	gni2	1	
疑	疑	gni2	2	
宜	宜	gni2	1	
儀	仪	gni2	2	
誼	谊	gni2	2	
毅	毅	gni2	2	
倪	倪	gni2	2	
霓	霓	gni2	2	
蜺	霓	gni2	2	
沂	沂	gni2	2	白讀
囈	呓	gni2	2	
閻	阎	gni2	1	
嚴	严	gni2	2	
厳	严	gni2	2	
儼	俨	gni2	5	
年	年	gni2	1	
秊	年	gni2	1	
鯰	鲶	gni2	2	
研	研	gni2	1	
然	然	gni2	3	又音 僅限於「勿然」
你	你	gni6	2	
妳	你	gni6	2	
伱	你	gni6	2	
蟻	蚁	gni6	1	
耳	耳	gni6	1	白讀
擬	拟	gni6	2	
儗	拟	gni6	2	
輦	辇	gni6	2	
攆	撵	gni6	2	
冉	冉	gni6	2	白讀
冄	冉	gni6	2	白讀
染	染	gni6	1	
碾	碾	gni6	1	
癮	瘾	gni6	1	白讀 上癮
黏	黏	gni6	3	僅限於「黏饞」
藝	艺	gni6	1	
義	义	gni6	2	
二	二	gni6	1	白讀
貳	贰	gni6	2	
膩	腻	gni6	1	
釅	酽	gni6	2	
硯	砚	gni6	1	
念	念	gni6	3	僅限於「念頭」
驗	验	gni6	3	僅限於檢查（身體）一義
騐	验	gni6	3	僅限於檢查（身體）一義
黏	黏	kni1	1	
粘	粘	kni5	2	
拈	拈	kni5	2	
撚	拈	kni5	2	
西	西	shi1	2	
犀	犀	shi1	2	
髓	髓	shi1	1	
髄	髓	shi1	1	
徙	徙	shi1	2	
嘶	嘶	shi1	3	大聲喊叫
圾	圾	shi1	1	
希	希	shi1	1	
稀	稀	shi1	1	
羲	羲	shi1	2	
犧	牺	shi1	2	
犠	牺	shi1	2	
嬉	嬉	shi1	1	
兮	兮	shi1	2	又音
禧	禧	shi1	2	
先	先	shi1	1	
鮮	鲜	shi1	1	
鱻	鲜	shi1	1	
仙	仙	shi1	1	
僊	仙	shi1	1	
籼	籼	shi1	1	
秈	籼	shi1	1	
杴	杴	shi1	1	火杴
鍁	锨	shi1	3	火鍁
軒	轩	shi1	1	
蜆	蚬	shi1	1	
獻	献	shi1	2	
死	死	shi3	1	白讀
璽	玺	shi3	2	
喜	喜	shi3	1	
手	手	shi3	3	又音 僅限於「蛇手」
洗	洗	shi3	2	
筅	筅	shi3	1	
箲	箲	shi3	1	
癬	癣	shi3	1	
閃	闪	shi3	1	
陝	陕	shi3	2	
險	险	shi3	1	
険	险	shi3	1	
顯	显	shi3	1	
顕	显	shi3	1	
細	细	shi5	1	
婿	婿	shi5	1	
壻	婿	shi5	1	
世	世	shi5	1	
卋	世	shi5	1	
丗	世	shi5	1	
絮	絮	shi5	1	白讀 花絮
戲	戏	shi5	1	
戱	戏	shi5	1	
戯	戏	shi5	1	
系	系	shi5	2	
係	系	shi5	1	
繫	系	shi5	2	
繋	系	shi5	2	
熙	熙	shi5	2	
熈	熙	shi5	2	
煕	熙	shi5	2	
嘻	嘻	shi5	2	
譆	嘻	shi5	2	
纖	纤	shi5	2	
纎	纤	shi5	2	
繊	纤	shi5	2	
線	线	shi5	1	
綫	线	shi5	1	
苫	苫	shi5	1	草苫
扇	扇	shi5	1	
搧	扇	shi5	1	
騸	骟	shi5	1	
憲	宪	shi5	2	
掀	掀	shi5	2	
徐	徐	zhi2	2	
齊	齐	zhi2	1	白讀
斉	齐	zhi2	1	白讀
前	前	zhi2	1	
自	自	zhi6	1	白讀
賤	贱	zhi6	1	白讀
甘	甘	ki1	1	
泔	泔	ki1	1	
柑	柑	ki1	2	
乾	干	ki1	1	
干	干	ki1	2	
肝	肝	ki1	1	
竿	竿	ki1	1	
秆	秆	ki1	1	
稈	秆	ki1	1	
杆	杆	ki1	1	
桿	杆	ki1	1	
鋸	锯	ki1	1	白讀
該	该	ki1	1	僅限於「該應」一詞
賅	赅	ki1	3	
𡨢	𡨢	ki1	1	又音
丐	丐	ki1	2	又音
匃	丐	ki1	2	又音
匄	丐	ki1	2	又音
敢	敢	ki3	1	
感	感	ki3	1	
擀	擀	ki3	2	擀麵
趕	赶	ki3	1	
狗	狗	ki3	1	兒化音殘留
幹	干	ki5	1	
榦	干	ki5	1	
侅	侅	khi1	3	
看	看	khi5	1	
堪	堪	khi5	3	堪好
墈	墈	khi5	3	高峻的堤岸；高地的崖壁
携	携	yi2	2	
攜	携	yi2	2	
擕	携	yi2	2	
移	移	yi2	1	
迻	移	yi2	1	
怡	怡	yi2	2	
貽	贻	yi2	2	
飴	饴	yi2	2	
迤	迤	yi2	1	
夷	夷	yi2	2	
姨	姨	yi2	1	
遺	遗	yi2	1	
痬	痬	yi2	1	疾病傳染
肄	肄	yi2	1	
蚰	蚰	yi2	1	蜒蚰螺
沂	沂	yi2	2	文讀
矣	矣	yi2	2	
易	易	yi2	2	容易
懿	懿	yi2	2	
涯	涯	yi2	2	白讀
崖	崖	yi2	2	白讀
冶	冶	yi2	2	白讀
𧍢	𧍢	yi2	1	軟體動物爬行
延	延	yi2	1	
蜒	蜒	yi2	1	蜒蚰螺
涎	涎	yi2	2	
鹽	盐	yi2	2	
塩	盐	yi2	2	
賢	贤	yi2	2	
弦	弦	yi2	2	
絃	弦	yi2	2	
言	言	yi2	2	
炎	炎	yi2	1	
沿	沿	yi2	1	
雁	雁	yi2	2	
鴈	雁	yi2	2	
咸	咸	yi2	2	咸祥
檐	檐	yi2	1	
簷	檐	yi2	1	
演	演	yi2	2	
縯	演	yi2	2	
豔	艳	yi2	2	
艷	艳	yi2	2	
豓	艳	yi2	2	
已	已	yi6	2	
以	以	yi6	1	
咦	咦	yi6	3	
裏	里	yi6	3	又音 僅限於「阿裏」
裡	里	yi6	3	又音 僅限於「阿裏」
鱔	鳝	yi6	1	僅限於「黃鱔」一詞
鱓	鳝	yi6	1	僅限於「黃鱔」一詞
蟮	蟮	yi6	3	僅限於「曲蟮」
異	异	yi6	1	
勩	勚	yi6	1	器物磨損
貤	貤	yi6	3	
現	现	yi6	1	
焰	焰	yi6	1	
燄	焰	yi6	1	
焔	焰	yi6	1	
筵	筵	yi6	1	
鹽	盐	yi6	3	動詞
塩	盐	yi6	3	動詞
腌	腌	yi6	3	僅限於「暴醃」
醃	腌	yi6	3	僅限於「暴醃」
練	练	yi6	3	又音 僅限於「火赤練」
衣	衣	i1	1	
挔	挔	i1	3	咋挔
醫	医	i1	1	
瞖	翳	i1	1	
依	依	i1	1	
伊	伊	i1	3	
咿	咿	i1	3	
吚	咿	i1	3	
蔫	蔫	i1	1	
焉	焉	i1	2	
煙	烟	i1	1	
菸	烟	i1	1	
胭	胭	i1	1	
臙	胭	i1	1	
嫌	嫌	i1	2	
腌	腌	i1	1	
醃	腌	i1	1	
椅	椅	i3	1	
以	以	i3	1	又音
掩	掩	i3	1	
𥀬	𪠏	i3	1	瘡痂
⿱厭肉	⿱厌肉	i3	3	𥀬也作⿱厭肉
衣	衣	i3	3	蛋、果實等殼與肉之間的薄膜
意	意	i5	1	
饐	饐	i5	3	
挔	挔	i5	3	
益	益	i5	3	又音 僅限於「益加」
億	亿	i5	2	
憶	忆	i5	2	
臆	臆	i5	2	
宴	宴	i5	2	
讌	宴	i5	2	
醼	宴	i5	2	
燕	燕	i5	1	
鷰	燕	i5	1	
咽	咽	i5	1	
嚥	咽	i5	1	
淹	淹	i5	2	
閹	阉	i5	2	
䞁	𬥺	i5	1	䞁長短
堰	堰	i5	1	
厭	厌	i5	1	
晏	晏	i5	2	姓
譜	谱	pu1	1	
補	补	pu3	1	
布	布	pu5	1	
佈	布	pu5	1	
怖	怖	pu5	2	
鋪	铺	phu1	1	鋪陳
脯	脯	phu1	1	
潽	潽	phu1	1	
普	普	phu3	1	
浦	浦	phu3	2	
鋪	铺	phu5	1	床鋪
舖	铺	phu5	1	床鋪
舗	铺	phu5	1	床鋪
菩	菩	bu2	1	
脯	脯	bu2	1	
鯆	𫚙	bu2	1	土鯆魚
䩉	䩉	bu2	1	牛控䩉
部	部	bu6	1	
篰	篰	bu6	3	
簿	簿	bu6	1	
𥳖	𥳖	bu6	1	
殕	殕	bu6	4	食物上所生的白色黴菌。《廣韻》芳武切，食上生白毛
步	步	bu6	1	
歩	步	bu6	1	
捕	捕	bu6	2	
蒲	蒲	bu6	1	
脯	脯	bu6	3	①沙、土等受擠壓而往不同方向移動②臉長得闊大，向外擴展
瓠	瓠	bu6	1	
埠	埠	bu6	1	
伏	伏	bu6	1	「孵蛋」，本字當作「伏蛋」
孵	孵	bu6	1	「孵蛋」，本字當作「伏蛋」
卜	卜	bu6	3	又音 腳卜絡頭
夫	夫	fu1	1	
伕	夫	fu1	2	
麩	麸	fu1	1	
粰	麸	fu1	1	
孵	孵	fu1	2	文讀
敷	敷	fu1	1	
㩤	㩤	fu1	1	用手揮灑液體或粉末等
孚	孚	fu1	1	
俘	俘	fu1	2	
赴	赴	fu1	2	
訃	讣	fu1	2	
賦	赋	fu1	2	
膚	肤	fu1	1	
乎	乎	fu1	1	燥乎乎
呼	呼	fu1	1	
嘑	呼	fu1	1	
虖	呼	fu1	1	
謼	呼	fu1	1	
殕	殕	fu3	2	食物上所生的白色黴菌。《廣韻》芳武切，食上生白毛
府	府	fu3	1	
腑	腑	fu3	2	
俯	俯	fu3	2	
頫	俯	fu3	2	
斧	斧	fu3	1	
釜	釜	fu3	2	
甫	甫	fu3	2	
輔	辅	fu3	2	
撫	抚	fu3	2	撫恤金
虎	虎	fu3	1	
滸	浒	fu3	2	
富	富	fu5	1	
副	副	fu5	1	
傅	傅	fu5	2	姓
付	付	fu5	2	
戽	戽	fu5	1	戽水
芙	芙	vu2	1	
扶	扶	vu2	1	
符	符	vu2	2	
無	无	vu2	2	
无	无	vu2	2	
侮	侮	vu2	2	
浮	浮	vu2	1	文讀
父	父	vu6	1	
撫	抚	vu6	2	撫養
婦	妇	vu6	1	
媍	妇	vu6	1	
務	务	vu6	2	
阜	阜	vu6	2	文讀
傅	傅	vu6	3	師傅
腐	腐	vu6	1	
附	附	vu6	2	
坿	附	vu6	2	
駙	驸	vu6	2	
霧	雾	vu6	2	
乎	乎	vu6	2	又音
都	都	tu1	1	
堵	堵	tu3	2	
賭	赌	tu3	1	
睹	睹	tu3	2	
覩	睹	tu3	2	
肚	肚	tu3	1	作爲食品的豬的胃
妒	妒	tu5	2	
妬	妒	tu5	2	
嘟	嘟	tu5	2	
都	都	thu1	3	又音 僅限於「都整」
土	土	thu3	1	
吐	吐	thu3	2	吞吐
兔	兔	thu5	1	
兎	兔	thu5	1	
堍	堍	thu5	1	
吐	吐	thu5	2	嘔吐
唾	唾	thu5	1	饞唾水
徒	徒	du2	1	
屠	屠	du2	2	
途	途	du2	1	
塗	涂	du2	1	
圖	图	du2	1	
図	图	du2	1	
堵	堵	du2	3	量詞
杜	杜	du6	1	
肚	肚	du6	1	
度	度	du6	1	
渡	渡	du6	1	
鍍	镀	du6	2	
喥	喥	du6	1	發喥
奴	奴	nu2	2	
努	努	nu2	2	
梧	梧	nu2	2	
誤	误	nu2	2	
悟	悟	nu2	2	
吾	吾	nu2	2	
努	努	nu6	2	
怒	怒	nu6	1	
呶	呶	nhu5	1	
廬	庐	lu2	2	
爐	炉	lu2	1	
盧	卢	lu2	1	
蘆	芦	lu2	1	
鸕	鸬	lu2	2	
鱸	鲈	lu2	1	
顱	颅	lu2	1	骷顱頭
驢	驴	lu2	2	
滷	卤	lu2	1	
鹵	卤	lu6	1	
魯	鲁	lu6	2	
櫓	橹	lu6	1	
艪	橹	lu6	1	
艣	橹	lu6	1	
樐	橹	lu6	1	
路	路	lu6	1	
露	露	lu6	1	
鷺	鹭	lu6	1	
絡	络	lu6	3	又音 僅限於「腳卜絡頭」
謱	𫍴	lhu5	3	謰謰謱謱
租	租	tsu1	2	
組	组	tsu3	2	
阻	阻	tsu3	1	
祖	祖	tsu3	1	
詛	诅	tsu3	2	
蛆	蛆	tsu3	2	
粗	粗	tshu1	1	
麤	粗	tshu1	1	
觕	粗	tshu1	1	
初	初	tshu1	1	
措	措	tshu1	2	
楚	楚	tshu3	2	
礎	础	tshu3	2	
醋	醋	tshu5	2	
酢	醋	tshu5	2	
瘄	瘄	tshu5	1	瘄子
雛	雏	dzu2	2	
鋤	锄	dzu2	1	鋤地
耡	锄	dzu2	1	鋤地
鉏	锄	dzu2	1	鋤地
助	助	dzu2	2	幫助
助	助	dzu6	2	助一把
穌	稣	su1	2	
蘇	苏	su1	1	
蘓	苏	su1	1	
甦	苏	su1	2	
囌	苏	su1	2	
酥	酥	su1	1	
梳	梳	su1	2	文讀 梳理
疏	疏	su1	2	疏通
疎	疏	su1	2	疏通
數	数	su3	1	清點
鬚	须	su3	1	牙鬚
素	素	su5	1	
訴	诉	su5	1	
愬	诉	su5	1	
塑	塑	su5	1	塑子
疏	疏	su5	2	稀疏
疎	疏	su5	2	稀疏
蔬	蔬	su5	2	
數	数	su5	1	名詞
孤	孤	ku1	1	
辜	辜	ku1	2	
菇	菇	ku1	1	
菰	菇	ku1	1	
姑	姑	ku1	1	
估	估	ku1	1	
咕	咕	ku1	1	
蛄	蛄	ku1	1	
跍	跍	ku1	3	僅限於「矮跍跍」
固	固	ku1	2	
箍	箍	ku1	2	金箍圈
古	古	ku3	1	
股	股	ku3	1	
羖	羖	ku3	1	
臌	臌	ku3	1	臌脹病
鼓	鼓	ku3	2	
皷	鼓	ku3	2	
賈	贾	ku3	2	商賈
固	固	ku5	2	
故	故	ku5	2	
顧	顾	ku5	1	
雇	雇	ku5	1	
僱	雇	ku5	1	
枯	枯	khu1	1	
箍	箍	khu1	1	箍桶
骷	骷	khu1	1	
苦	苦	khu3	1	
庫	库	khu5	1	
褲	裤	khu5	1	
袴	裤	khu5	1	
跍	跍	gu2	1	蹲
咕	咕	gu6	1	嘮裏嘮叨地責備
和	和	wu2	1	玩麻將時某一方的牌合乎規定的要求贏了全局
胡	胡	wu2	1	
鬍	胡	wu2	1	
衚	胡	wu2	1	
湖	湖	wu2	1	
糊	糊	wu2	1	
餬	糊	wu2	1	
葫	葫	wu2	2	
蝴	蝴	wu2	1	
狐	狐	wu2	1	
瓠	瓠	wu2	2	
壺	壶	wu2	2	
乎	乎	wu2	2	
誤	误	wu2	2	又音
悟	悟	wu2	2	又音
吳	吴	wu2	2	
吴	吴	wu2	2	
呉	吴	wu2	2	
黃	黄	wu2	1	又音 僅限於「黃狗」及「嘸郎黃狗」
黄	黄	wu2	1	又音 僅限於「黃狗」及「嘸郎黃狗」
誣	诬	wu2	1	又音
毋	毋	wu2	2	
鳧	凫	wu2	1	水鳧鷺
鳬	凫	wu2	1	水鳧鷺
舞	舞	wu2	2	
鵡	鹉	wu2	2	
無	无	wu2	1	又音
无	无	wu2	1	又音
吾	吾	wu2	2	又音
蜈	蜈	wu2	2	文讀
户	户	wu6	1	
戶	户	wu6	1	
戸	户	wu6	1	
滬	沪	wu6	2	
伍	伍	wu6	2	
午	午	wu6	1	
護	护	wu6	1	
萵	莴	wu6	3	香萵筍
互	互	wu6	2	
武	武	wu6	1	
務	务	wu6	1	又音
惡	恶	wu6	2	可惡
悪	恶	wu6	2	可惡
梧	梧	wu6	1	又音
戊	戊	wu6	1	
霧	雾	wu6	1	又音
烏	乌	u1	1	
塢	坞	u1	2	
隖	坞	u1	2	
污	污	u1	1	
汙	污	u1	1	
汚	污	u1	1	
洿	洿	u1	1	
萵	莴	u1	1	
誣	诬	u1	1	
衣	衣	u1	1	僅限於「衣櫥」一詞
熓	𤆡	u1	1	
糊	糊	u1	3	僅限於「爛泥糊漿」
胡	胡	u1	3	又音 僅限於「胡嚨」
惡	恶	u1	1	可惡
悪	恶	u1	1	可惡
椅	椅	u3	1	「椅子」一詞中又音
烏	乌	u3	4	硬幣背面無文字的一面
烏	乌	u5	4	痕跡
鄔	邬	u5	2	
捂	捂	u5	1	又音
焐	焐	u5	1	
熩	熩	u5	3	
居	居	ciu1	2	
鋸	锯	ciu1	2	文讀
据	据	ciu1	2	拮据
拘	拘	ciu1	2	
駒	驹	ciu1	2	
車	车	ciu1	1	象棋子的名稱
龜	龟	ciu1	1	白讀
亀	龟	ciu1	1	白讀
矩	矩	ciu1	1	
榘	矩	ciu1	1	
捐	捐	ciu1	2	
絹	绢	ciu1	1	
涓	涓	ciu1	2	
舉	举	ciu3	1	
擧	举	ciu3	1	
挙	举	ciu3	1	
鬼	鬼	ciu3	1	白讀
捲	卷	ciu3	1	
卷	卷	ciu3	1	
巻	卷	ciu3	1	
據	据	ciu5	1	
拠	据	ciu5	1	
句	句	ciu5	1	
貴	贵	ciu5	1	白讀
苣	苣	ciu5	1	「萵苣」中常快讀成清聲母
卷	卷	ciu5	1	
巻	卷	ciu5	1	
睠	眷	ciu5	1	
眷	眷	ciu5	1	
縳	䌸	ciu5	1	
區	区	chiu1	2	
嶇	岖	chiu1	2	
驅	驱	chiu1	2	
駆	驱	chiu1	2	
駈	驱	chiu1	2	
軀	躯	chiu1	2	
虧	亏	chiu1	1	
圈	圈	chiu1	2	
圏	圈	chiu1	2	
券	券	chiu1	2	
劵	券	chiu1	2	
勸	劝	chiu1	2	
勧	劝	chiu1	2	
犬	犬	chiu3	1	
圈	圈	chiu3	1	
圏	圈	chiu3	1	
去	去	chiu5	1	文讀
巨	巨	jiu2	2	
鉅	巨	jiu2	2	
拒	拒	jiu2	2	
距	距	jiu2	2	
炬	炬	jiu2	2	
柜	柜	jiu2	2	白讀
渠	渠	jiu2	1	水渠
懼	惧	jiu2	2	
具	具	jiu2	2	
俱	俱	jiu2	2	
颶	飓	jiu2	2	
瞿	瞿	jiu2	2	
衢	衢	jiu2	2	
權	权	jiu2	1	
権	权	jiu2	1	
顴	颧	jiu2	1	
拳	拳	jiu2	1	
跪	跪	jiu6	2	白讀
苣	苣	jiu6	1	
裙	裙	jiu6	3	僅限於「褓裙」
櫃	柜	jiu6	1	白讀
虞	虞	gniu2	2	
娛	娱	gniu2	2	
娯	娱	gniu2	2	
愚	愚	gniu2	1	
喁	喁	gniu2	3	
遇	遇	gniu2	2	
寓	寓	gniu2	2	
御	御	gniu2	2	
禦	御	gniu2	2	
原	原	gniu2	1	
源	源	gniu2	2	
願	愿	gniu2	1	
愿	愿	gniu2	2	
元	元	gniu2	1	
阮	阮	gniu2	2	
扭	扭	gniu2	3	僅限於头或身体转动一義
蚏	蚏	gniu2	3	蟛蚏蟹
女	女	gniu6	1	
蕊	蕊	gniu6	1	蕊頭
蕋	蕊	gniu6	1	蕊頭
橤	蕊	gniu6	1	蕊頭
蘂	蕊	gniu6	1	蕊頭
禹	禹	gniu6	2	白讀
軟	软	gniu6	1	
輭	软	gniu6	1	
語	语	gniu6	2	
芋	芋 	gniu6	1	「芋」處在詞的末尾讀[ȵy˨˩˧]
原	原	kniu1	3	僅限於「原方」
靴	靴	shiu1	1	
鞾	靴	shiu1	1	
虛	虚	shiu1	1	
虚	虚	shiu1	1	
噓	嘘	shiu1	2	
嘘	嘘	shiu1	2	
墟	墟	shiu1	2	
楦	楦	shiu1	1	
楥	楦	shiu1	1	
許	许	shiu3	2	
毀	毁	shiu5	1	舊時指小孩換乳齒
毁	毁	shiu5	1	舊時指小孩換乳齒
㧦	㧦	shiu5	1	
煦	煦	shiu5	3	紅煦煦
揎	揎	shiu5	3	
漁	渔	yu2	2	
魚	鱼	yu2	1	文讀
余	余	yu2	2	
餘	余	yu2	1	
餘	馀	yu2	1	
舁	舁	yu2	2	
俞	俞	yu2	2	
愉	愉	yu2	2	
榆	榆	yu2	1	
楡	榆	yu2	1	
逾	逾	yu2	2	
踰	逾	yu2	2	
圍	围	yu2	1	白讀 圍巾
盂	盂	yu2	1	
于	于	yu2	2	
於	于	yu2	2	
扵	于	yu2	2	
馭	驭	yu2	2	文讀 駕馭
譽	誉	yu2	2	
籲	吁	yu2	2	
喻	喻	yu2	2	
喩	喻	yu2	2	
愈	愈	yu2	2	
癒	愈	yu2	2	
瘉	愈	yu2	2	
裕	裕	yu2	2	
緣	缘	yu2	2	
圓	圆	yu2	1	
円	圆	yu2	1	
圎	圆	yu2	1	
員	员	yu2	2	
玄	玄	yu2	1	
丸	丸	yu2	1	又音
懸	悬	yu2	1	
袁	袁	yu2	2	
轅	辕	yu2	2	
園	园	yu2	1	
垣	垣	yu2	2	
宇	宇	yu6	2	
雨	雨	yu6	1	
禹	禹	yu6	2	文讀
羽	羽	yu6	1	
與	与	yu6	2	
与	与	yu6	2	
遠	远	yu6	1	
逺	远	yu6	1	
預	预	yu6	1	
豫	豫	yu6	2	
芋	芋	yu6	2	文讀
院	院	yu6	2	
眩	眩	yu6	2	
縣	县	yu6	2	
県	县	yu6	2	
援	援	yu6	2	文讀
淤	淤	iu1	1	
于	于	iu1	2	姓
迂	迂	iu1	2	
竽	竽	iu1	2	
衣	衣	iu1	1	僅限於「衣櫥」一詞
益	益	iu1	3	又音 僅限於「益加」
鴛	鸳	iu1	1	
冤	冤	iu1	1	
寃	冤	iu1	1	
淵	渊	iu1	2	
渕	渊	iu1	2	
椅	椅	iu3	1	
𩌑	𩌑	iu3	3	稱東西時容器的重量
䩩	䩩	iu3	1	稱東西時容器的重量
怨	怨	iu5	1	
八	八	pa1	1	僅限於「王八」一詞
叭	叭	pa1	1	
擺	摆	pa3	1	
襬	摆	pa3	2	
把	把	pa3	2	文讀
拜	拜	pa5	1	
拝	拜	pa5	1	
爸	爸	pa5	1	
伯	伯	pa5	3	又音 僅限於「叔伯姆」
派	派	pha5	1	
潑	泼	pha5	3	做事粗線條，不精細
排	排	ba2	1	
牌	牌	ba2	1	
罷	罢	ba2	2	文讀
鮊	鲌	ba6	1	
敗	败	ba6	1	
埋	埋	ma2	1	埋怨
𧻲	𧻲	ma2	4	
邁	迈	ma2	2	又音
買	买	ma6	1	
馬	马	ma6	1	僅限於「馬馬虎虎」一詞
賣	卖	ma6	2	
𧻲	𧻲	mha1	3	
埋	埋	mha1	3	把盛有食物的器皿放入熱飯或熱灰中使熱
馬	马	mha1	1	僅限於「馬馬虎虎」一詞
媽	妈	mha5	2	
孟	孟	mha5	3	僅限於「長孟孟」
𠲎	𠲎	va2	1	「勿」「啦」合音
帶	带	ta5	1	
帯	带	ta5	1	
戴	戴	ta5	1	戴帽子
拖	拖	tha1	1	又音，貓拖老鼠
祂	它	tha1	1	
牠	它	tha1	1	
它	它	tha1	1	
舑	舑	tha1	1	舑舌頭
討	讨	tha3	3	僅限於「討饒」
太	太	tha5	1	
汰	汰	tha5	2	
泰	泰	tha5	2	
他	他	tha5	2	
她	她	tha5	2	
埭	埭	da2	1	一埭路
大	大	da6	1	文讀
𢪂	𢪂	da6	1	𢪂癢
拿	拿	na2	2	拿手好戲
挐	拿	na2	2	拿手好戲
拏	拿	na2	2	拿手好戲
淖	淖	na2	1	淖泥
艿	艿	na2	1	
吶	呐	na2	4	
呐	呐	na2	4	
哪	哪	na2	4	
奶	奶	na6	1	
嬭	奶	na6	1	
爛	烂	na6	3	僅限於「爛泥」
嬲	嬲	na6	1	嬲和
哪	哪	nha1	1	
吶	呐	nha1	3	
呐	呐	nha1	3	
哪	哪	nha5	2	
那	那	nha5	1	
剌	剌	la2	1	
攋	𪮶	la6	1	
喇	喇	la6	1	
賴	赖	la6	1	
頼	赖	la6	1	
癩	癞	la6	1	
垃	垃	la6	1	
拉	拉	la6	1	粗拉柴
啦	啦	la6	3	
洡	洡	la6	4	
拉	拉	lha1	1	
啦	啦	lha1	1	
齋	斋	tsa1	1	
斎	斋	tsa1	1	
亝	斋	tsa1	1	
抓	抓	tsa1	2	文讀
債	债	tsa5	1	
差	差	tsha1	1	出差
叉	叉	tsha1	3	僅限於「軋叉」
扠	扠	tsha1	3	顺手拿走别人的东西
攃	攃	tsha1	3	攃眼
插	插	tsha1	3	「攃」通作「插」
扯	扯	tsha3	1	僅限於「牽扯」等詞
撦	扯	tsha3	1	僅限於「牽扯」等詞
蔡	蔡	tsha5	1	
咋	咋	dza6	1	
咱	咱	dza6	3	「咋挔」也作「咱伊」
⿸尸查	⿸尸查	dza6	1	
⿸尸咋	⿸尸咋	dza6	3	
撒	撒	dza6	3	「⿸尸咋」通作「撒」
⿱寨	⿱寨	dza6	3	用竹篾編成的器具，圓形平底疏孔，邊框很淺，用來曬物、篩物或養蠶等
耍	耍	sa1	2	
傻	傻	sa1	2	
灑	洒	sa3	1	
洒	洒	sa3	1	
曬	晒	sa5	1	
柴	柴	za2	1	
㾹	㾹	za2	3	
豺	豺	za2	1	
寨	寨	za6	2	
砦	寨	za6	2	
⿱寨	⿱寨	za6	3	用竹篾編成的器具，圓形平底疏孔，邊框很淺，用來曬物、篩物或養蠶等
㩟	㩟	za6	1	
階	阶	ka1	1	
堦	阶	ka1	1	
街	街	ka1	1	
解	解	ka3	1	
介	介	ka5	1	白讀
界	界	ka5	2	白讀
芥	芥	ka5	1	白讀
疥	疥	ka5	1	疥櫥
尬	尬	ka5	1	
庎	庎	ka5	1	
届	届	ka5	1	白讀
屆	届	ka5	1	白讀
戒	戒	ka5	1	白讀
隘	隘	ka5	2	地名
解	解	ka5	1	解鈔票
揩	揩	kha1	1	
楷	楷	kha1	2	
卡	卡	kha3	1	
茄	茄	ga2	1	番茄
懈	懈	ga6	1	懈門
解	解	ga6	1	解兩刀
𨮂	𨱕	ga6	3	
捱	捱	nga6	1	
外	外	nga6	1	白讀
𤘅	𤘅	nga6	1	孲𤘅
雁	雁	nga6	3	雁鵝
鴈	雁	nga6	3	雁鵝
𩂢	𩂢	nga6	3	汗𩂢𩂢響
哈	哈	ha1	1	
蟹	蟹	ha3	1	
蠏	蟹	ha3	1	
罅	罅	ha5	1	白讀 腳罅縫
鞋	鞋	gha2	1	
合	合	gha2	1	「合扑」又音
鞵	鞋	gha2	1	
還	还	gha2	2	白讀 還有
啊	啊	gha6	2	表驚疑
捱	挨	a1	1	
挨	挨	a1	1	
啊	啊	a1	2	又音
鴉	鸦	a1	1	僅限於「鴉片」
鵶	鸦	a1	1	僅限於「鴉片」
埃	埃	a1	2	
矮	矮	a3	1	
㢊	㢊	a3	1	
阿	阿	a5	2	阿姆
靉	叆	a5	1	
爹	爹	tia1	1	
嗲	嗲	tia3	1	
家	家	cia1	1	文讀
傢	傢	cia1	2	文讀
稼	稼	cia1	2	文讀
加	加	cia1	2	文讀
嘉	嘉	cia1	2	文讀
佳	佳	cia1	2	文讀
姐	姐	cia3	1	
解	解	cia3	2	文讀
賈	贾	cia3	2	文讀
假	假	cia3	2	文讀 假如
叚	假	cia3	2	文讀 假如
藉	借	cia5	2	
借	借	cia5	1	
嫁	嫁	cia5	2	文讀
介	介	cia5	2	文讀
芥	芥	cia5	2	文讀
界	界	cia5	2	文讀
价	价	cia5	2	文讀
價	价	cia5	2	文讀
駕	驾	cia5	2	文讀
届	届	cia5	2	文讀
屆	届	cia5	2	文讀
笡	笡	chia3	1	不正；斜；偏
趄	趄	chia3	3	「笡」也作「趄」
且	且	chia5	1	白讀 且顧
茄	茄	jia2	1	
⿰口茄	⿰口茄	jia2	3	
弶	弶	jia2	3	又音 欺侮
寫	写	shia3	1	
㕐	㕐	shia3	1	往杯子或碗裏傾倒
瀉	泻	shia3	3	「㕐」也作「瀉」
瀉	泻	shia5	1	
卸	卸	shia5	2	
傻	傻	shia5	3	僅限於「傻子」
斜	斜	zhia2	1	
謝	谢	zhia6	1	
榭	榭	zhia6	2	
霞	霞	ya2	1	文讀
瑕	瑕	ya2	2	文讀
遐	遐	ya2	2	文讀
爺	爷	ya2	1	
邪	邪	ya2	2	古同「耶」
耶	耶	ya2	2	
椰	椰	ya2	2	
涯	涯	ya2	2	文讀
崖	崖	ya2	2	文讀
野	野	ya6	1	
埜	野	ya6	1	
壄	野	ya6	1	
也	也	ya6	2	白讀
懈	懈	ya6	2	白讀
亱	夜	ya6	1	
暇	暇	ya6	1	文讀
夜	夜	ya6	1	
鴉	鸦	ia1	2	文讀
鵶	鸦	ia1	2	文讀
訝	讶	ia1	2	文讀
迓	迓	ia1	2	文讀
雅	雅	ia3	2	
亞	亚	ia5	2	文讀
亜	亚	ia5	2	文讀
呀	呀	ia5	1	
拐	拐	kua3	1	
寡	寡	kua3	2	文讀
剮	剐	kua3	2	文讀
怪	怪	kua5	2	
恠	怪	kua5	2	
掛	挂	kua5	2	文讀
挂	挂	kua5	2	文讀
卦	卦	kua5	2	文讀
誇	夸	khua1	2	文讀
夸	夸	khua1	2	文讀
蒯	蒯	khua1	1	姓
垮	垮	khua3	2	文讀
跨	跨	khua5	2	文讀
快	快	khua5	1	
懷	怀	gua2	1	僅限於「懷裏」一詞
懐	怀	gua2	1	僅限於「懷裏」一詞
拐	拐	gua6	3	搖動；不穩而會搖擺
歪	歪	hua3	1	
竵	歪	hua3	1	
還	还	wa2	1	還好
懷	怀	wa2	5	
懐	怀	wa2	5	
𠿭	𠿭	wa2	4	耕地時吆喝牛停住的聲音
壞	坏	wa6	1	
壊	坏	wa6	1	
壞	坏	ua1	1	
壊	坏	ua1	1	
歪	歪	ua1	2	文讀
竵	歪	ua1	2	文讀
窪	洼	ua1	2	
洼	洼	ua1	2	
蛙	蛙	ua1	2	文讀
鼃	蛙	ua1	2	文讀
娃	娃	ua1	2	文讀
哇	哇	ua5	1	
褒	褒	pau1	2	
襃	褒	pau1	2	
包	包	pau1	1	
胞	胞	pau1	1	
保	保	pau3	1	
堡	堡	pau3	2	
寶	宝	pau3	1	
寳	宝	pau3	1	
飽	饱	pau3	1	
鴇	鸨	pau3	1	
報	报	pau5	1	
豹	豹	pau5	1	
暴	暴	pau5	1	突然而來的大風
爆	爆	pau5	1	爆開
拋	抛	phau1	1	
脬	脬	phau1	1	
泡	泡	phau5	1	
皰	疱	phau5	1	
疱	疱	phau5	1	
炮	炮	phau5	1	
砲	炮	phau5	1	
礮	炮	phau5	1	
袍	袍	bau2	2	
曝	曝	bau2	2	
爆	爆	bau2	2	爆炸
跑	跑	bau2	1	
刨	刨	bau2	1	
鮑	鲍	bau6	2	
抱	抱	bau6	1	
褓	褓	bau6	3	褓裙
緥	褓	bau6	3	褓裙
暴	暴	bau6	1	
毛	毛	mau2	1	
茂	茂	mau2	2	文讀
茅	茅	mau2	1	
矛	矛	mau2	2	
買	买	mau2	3	又音 僅限於「買㾹病」
卯	卯	mau6	1	
夘	卯	mau6	1	
茆	卯	mau6	1	
莫	莫	mau6	1	
鉚	铆	mau6	2	
冒	冒	mau6	1	
冐	冒	mau6	1	
帽	帽	mau6	1	
錨	锚	mau6	2	
貓	猫	mau6	1	文讀
猫	猫	mau6	1	文讀
貌	貌	mau6	1	
莫	莫	mhau1	1	
貓	猫	mhau1	1	僅限於「張貓」
猫	猫	mhau1	1	僅限於「張貓」
毛	毛	mhau1	3	又音 僅限於「毛黴」
刀	刀	tau1	1	
叨	叨	tau1	2	
島	岛	tau3	2	
搗	捣	tau3	1	
擣	捣	tau3	1	
禱	祷	tau3	2	
倒	倒	tau3	1	打倒
刀	刀	tau3	3	量詞
到	到	tau5	1	
倒	倒	tau5	2	倒水
滔	滔	thau1	1	
韜	韬	thau1	2	
討	讨	thau3	1	
套	套	thau5	1	
桃	桃	dau2	1	
逃	逃	dau2	1	
陶	陶	dau2	1	
淘	淘	dau2	1	
萄	萄	dau2	2	
掏	掏	dau2	1	
濤	涛	dau2	2	
燾	焘	dau2	2	
悼	悼	dau2	2	
道	道	dau6	1	
稻	稻	dau6	1	
稲	稻	dau6	1	
蹈	蹈	dau6	1	
盜	盗	dau6	1	
導	导	dau6	2	
箌	箌	dau6	1	
撓	挠	nau2	2	
腦	脑	nau6	1	
脳	脑	nau6	1	
惱	恼	nau6	2	
悩	恼	nau6	2	
瑙	瑙	nau6	2	
閙	闹	nau6	1	
鬧	闹	nau6	1	
⿰閙	⿰闹	nau6	3	踩；踏
⿰鬧	⿰闹	nau6	3	踩；踏
踔	踔	nau6	2	踔殺
勞	劳	lau2	1	
労	劳	lau2	1	
澇	涝	lau2	2	
癆	痨	lau2	1	
牢	牢	lau2	1	
老	老	lau6	1	
佬	佬	lau6	1	
𤶁	𤶁	lau6	1	㾸𤶁
嘮	唠	lau6	3	重複叮囑
撈	捞	lhau1	1	
嘮	唠	lhau1	2	
糟	糟	tsau1	1	
蹧	糟	tsau1	1	
遭	遭	tsau1	1	
搔	搔	tsau1	1	
掻	搔	tsau1	1	
早	早	tsau3	1	
棗	枣	tsau3	1	
蚤	蚤	tsau3	1	
找	找	tsau3	1	
澡	澡	tsau3	2	
爪	爪	tsau3	1	
爪	爪	tsau5	3	禽類用爪子撥拉；也指用手抓撓
竈	灶	tsau5	1	
灶	灶	tsau5	1	
罩	罩	tsau5	1	
抄	抄	tshau1	1	
鈔	钞	tshau1	1	
操	操	tshau1	1	
撡	操	tshau1	1	
草	草	tshau3	1	
騲	騲	tshau3	3	騲雞
吵	吵	tshau3	1	
炒	炒	tshau3	1	
耖	耖	tshau5	1	耖田
躁	躁	tshau5	1	
糙	糙	tshau5	1	
慥	慥	tshau5	3	性情暴躁，不溫和
曹	曹	dzau2	2	
嘈	嘈	dzau2	2	
巢	巢	dzau2	2	
巣	巢	dzau2	2	
造	造	dzau6	1	造反
騷	骚	sau1	1	
騒	骚	sau1	1	
臊	臊	sau1	2	
艄	艄	sau1	2	
梢	梢	sau1	1	梢頭
稍	稍	sau1	2	稍息
哨	哨	sau1	2	又音
捎	捎	sau1	1	
筲	筲	sau1	1	
蕱	筲	sau1	1	
䈰	筲	sau1	1	
掃	扫	sau3	1	
嫂	嫂	sau3	1	
少	少	sau3	2	文讀
潲	潲	sau5	1	雨斜着落進來
燥	燥	sau5	1	
𢜶	𢜶	sau5	1	
皂	皂	zau2	2	
皁	皂	zau2	2	
槽	槽	zau2	1	
漕	漕	zau2	1	
𤵥	𤵥	zau2	3	
造	造	zau6	1	製造
高	高	kau1	1	
髙	高	kau1	1	
篙	篙	kau1	1	篙子
膏	膏	kau1	1	
羔	羔	kau1	2	
糕	糕	kau1	1	
餻	糕	kau1	1	
膠	胶	kau1	1	白讀
茭	茭	kau1	1	白讀 茭白
交	交	kau1	1	白讀 交代
珓	珓	kau1	1	珓背
教	教	kau1	1	教書
敎	教	kau1	1	教書
鮫	鲛	kau1	1	
絞	绞	kau3	1	白讀
鉸	铰	kau3	1	鉸鏈
縞	缟	kau3	1	
稿	稿	kau3	2	
稾	稿	kau3	2	
鎬	镐	kau3	2	
搞	搞	kau3	2	又音
攪	搅	kau3	2	白讀
撹	搅	kau3	2	白讀
叫	叫	kau5	1	僅限於「叫花子」一詞
告	告	kau5	1	
吿	告	kau5	1	
校	校	kau5	1	對正；使準確無誤
較	较	kau5	3	僅限於「計較」
覺	觉	kau5	2	睏覺
覚	觉	kau5	2	睏覺
酵	酵	kau5	1	
界	界	kau5	3	又音 僅限於「過年過界」
敲	敲	khau1	1	白讀
拷	拷	khau1	1	
烤	烤	khau3	1	
攷	考	khau3	1	
考	考	khau3	1	
靠	靠	khau5	1	
銬	铐	khau5	1	
鮳	鲓	khau5	1	「鮳」，本字當爲「薧」
薧	薧	khau5	1	「鮳」，本字當爲「薧」
犒	犒	khau5	2	
搞	搞	gau6	1	
攪	搅	gau6	1	
撹	搅	gau6	1	
絞	绞	gau6	1	
交	交	gau6	1	指傳家產給後代
熬	熬	ngau2	1	
咬	咬	ngau6	1	
齩	咬	ngau6	1	
傲	傲	ngau6	1	
鏊	鏊	ngau6	2	
蒿	蒿	hau1	1	
痚	痚	hau1	1	痚駝
歊	歊	hau1	1	張口呼氣
好	好	hau3	2	
侾	侾	hau3	3	大侾佬
好	好	hau5	2	
耗	耗	hau5	3	
孝	孝	hau5	1	凡與喪事有關者一律讀[hɔ˦˦]
哮	哮	hau5	1	哮管
豪	豪	ghau2	1	
毫	毫	ghau2	2	
壕	壕	ghau2	1	
號	号	ghau2	2	號叫
噢	噢	ghau2	1	句末語氣詞
浩	浩	ghau2	2	
號	号	ghau6	1	
号	号	ghau6	1	
坳	坳	au1	2	
凹	凹	au1	1	
嶴	岙	au1	1	
䫜	䫜	au1	1	䫜臉
鏖	鏖	au1	1	鏖糟
爊	爊	au1	3	
噢	噢	au1	3	
詏	𬣦	au3	1	毫無根據地說別人做了壞事
拗	拗	au3	1	
抝	拗	au3	1	
襖	袄	au3	1	
懊	懊	au5	1	
奧	奥	au5	2	
奥	奥	au5	2	
澳	澳	au5	1	
燠	燠	au5	1	燠飯
扷	扷	au5	3	把粉末狀的食物送進嘴裏
巴	巴	po1	1	
芭	芭	po1	1	
笆	笆	po1	1	
靶	靶	po1	1	
蚆	蚆	po1	1	
疤	疤	po1	1	
把	把	po3	1	
膀	膀	po3	3	又音 僅限於「翼梢膀」
撥我	拨我	po3	1	合音
霸	霸	po5	1	
壩	坝	po5	1	
怕	怕	pho5	1	
朳	朳	bo2	1	用手或耙子一類的工具撥物
爬	爬	bo2	1	
琶	琶	bo2	1	
杷	杷	bo2	1	
罷	罢	bo2	2	白讀
耙	耙	bo2	1	
巴	巴	bo2	4	下巴
稗	稗	bo6	1	
䶕	𫜨	bo6	1	䶕牙
麻	麻	mo2	1	
蔴	麻	mo2	1	
𩞁	𩞁	mo2	1	𩞁餈
𣻕	𣻕	mo2	1	有些食物用水燒開後表層浮起的許多小泡沫
䗫	䗫	mo2	3	䗫𧉹
媽	妈	mo2	3	僅限於「姨媽頭」
馬	马	mo6	1	
碼	码	mo6	1	
螞	蚂	mo6	1	
駡	骂	mo6	2	
罵	骂	mo6	2	
傌	骂	mo6	2	
嬤	嬷	mho1	1	嬤嬤
朵	朵	to1	1	量詞
朶	朵	to1	1	量詞
挆	挆	to3	1	
挅	挆	to3	1	
躲	躲	to3	2	
躱	躲	to3	2	
跺	跺	to3	2	
跥	跺	to3	2	
剁	剁	to3	2	
刴	剁	to3	2	
打	打	to3	3	僅限於「打發」
朵	朵	to3	1	
朶	朵	to3	1	
搭我	搭我	to3	1	合音
跺	跺	tho3	3	①用腳底摩擦 ②用手指摩擦使分離
跥	跺	tho3	3	①用腳底摩擦 ②用手指摩擦使分離
湯	汤	tho3	3	僅限於「汗出湯𤃀」
朵	朵	do6	3	僅限於「鮮朵朵」
朶	朵	do6	3	僅限於「鮮朵朵」
哚	哚	do6	3	形容哭聲、流水聲等
大	大	do6	1	僅限於「大家」一詞
唾	唾	do6	1	饞唾水
哪	哪	no2	2	哪吒
囡	囡	no2	1	僅限於「兒囡」、「囡疏」二詞
拿	拿	no2	1	
挐	拿	no2	1	
拏	拿	no2	1	
挪	挪	no6	1	油挪挪
拿	拿	nho1	1	又音
挐	拿	nho1	1	又音
拏	拿	nho1	1	又音
謱	𫍴	lho5	1	謰謰謱謱
渣	渣	tso1	2	
揸	揸	tso1	3	又音
遮	遮	tso1	1	
抓	抓	tso1	2	白讀
蚱	蚱	tso1	1	
蔗	蔗	tso1	2	
吒	吒	tso1	2	哪吒
鷓	鹧	tso1	1	
揸	揸	tso3	1	用五指捉物
喌	喌	tso3	3	
乍	乍	tso5	2	
炸	炸	tso5	1	
詐	诈	tso5	2	
柞	柞	tso5	1	
榨	榨	tso5	1	
搾	搾	tso5	1	
車	车	tsho1	1	
叉	叉	tsho1	1	
杈	杈	tsho1	2	
汊	汊	tsho1	1	
衩	衩	tsho1	1	
紁	紁	tsho1	1	古同「衩」
釵	钗	tsho1	1	軋釵
䟕	䟕	tsho1	3	踩；腳踏人
差	差	tsho1	1	
搓	搓	tsho1	1	僅限於「搓麻將」
鯧	鲳	tsho1	2	白讀 鯧魚
扯	扯	tsho3	1	
撦	扯	tsho3	1	
岔	岔	tsho5	1	
瘥	瘥	tsho5	1	
差	差	tsho5	3	病情有所好轉
查	查	dzo2	1	
査	查	dzo2	1	
楂	楂	dzo2	1	山楂
喳	喳	dzo2	3	
𤵾	𤵾	dzo2	1	𤵾亂
茶	茶	dzo2	1	
搽	搽	dzo2	1	
蛇	蛇	dzo2	1	
虵	蛇	dzo2	1	
遮	遮	dzo2	3	遮蔭遮日
社	社	dzo6	2	
紗	纱	so1	1	
沙	沙	so1	1	
砂	砂	so1	1	
莎	莎	so1	2	
痧	痧	so1	1	
賒	赊	so1	1	
賖	赊	so1	1	
稍	稍	so1	1	稍勢
蓑	蓑	so1	1	
簑	蓑	so1	1	
啥	啥	so1	1	
奢	奢	so1	2	
舍	舍	so1	1	
舎	舍	so1	1	
所	所	so3	2	
捨	舍	so3	2	
舍	舍	so3	1	
舎	舍	so3	1	
赦	赦	so3	2	
沙	沙	so5	3	滑行
佘	佘	zo2	2	
惹	惹	zo6	1	
射	射	zo6	1	斜看着
麝	麝	zo6	3	
家	家	ko1	1	白讀
傢	傢	ko1	2	
加	加	ko1	2	白讀
嘉	嘉	ko1	2	白讀
枷	枷	ko1	1	
架	架	ko1	3	量詞，塊
假	假	ko3	2	真假
叚	假	ko3	2	真假
假	假	ko5	2	放假
架	架	ko5	1	白讀
嫁	嫁	ko5	1	白讀
價	价	ko5	1	白讀
抲	抲	kho5	1	
㰤	㰤	kho5	1	「㰤㰤」睡覺，兒童用語
咖	咖	go2	3	①形容罵聲、鼾聲、水聲等②名詞。開水，兒童用語
牙	牙	ngo2	1	
芽	芽	ngo2	1	
衙	衙	ngo2	1	
蚜	蚜	ngo2	1	
我	我	ngo6	1	
瓦	瓦	ngo6	1	
砑	砑	ngo6	1	摩擦；碾壓
厦	厦	gho6	2	白讀
廈	厦	gho6	2	白讀
下	下	gho6	1	白讀 下頭
丅	下	gho6	1	白讀
下	下	gho6	2	白讀 下飯
嗄	嗄	gho6	3	「下飯」也作「嗄飯」
⿰飠夏	⿰饣夏	gho6	3	「下飯」也作「⿰飠夏飯」
夏	夏	gho6	2	白讀
丫	丫	o1	1	
吖	吖	o1	3	表示疼痛
椏	桠	o1	2	
枒	桠	o1	2	
鴉	鸦	o1	1	白讀 老鴉
鵶	鸦	o1	1	白讀 老鴉
阿	阿	o1	1	僅限於「阿彌陀佛」一詞
堊	垩	o1	1	
家	家	o1	3	又音 僅限於「頭家」
啞	哑	o3	1	
瘂	哑	o3	1	
唖	哑	o3	1	
𦫪	𦫪	o3	1	
惑	惑	o3	3	又音 僅限於「疑心疑惑」
掗	挜	o5	1	掗賣
下	下	o5	4	①使；投入②裝入③施（肥）
標	标	piau1	2	
彪	彪	piau1	2	
膘	膘	piau1	2	
臕	膘	piau1	2	
脿	膘	piau1	2	
滮	滮	piau1	1	液體激射，本字作「淲」
淲	淲	piau1	1	液體激射，本字作「淲」
鑣	镖	piau1	1	
鏢	镖	piau1	1	
表	表	piau3	1	
錶	表	piau3	1	
裱	裱	piau3	1	
婊	婊	piau3	1	
飄	飘	phiau1	1	
飃	飘	phiau1	1	
漂	漂	phiau1	2	
漂	漂	phiau3	1	漂白
票	票	phiau5	1	
漂	漂	phiau5	1	漂亮
瓢	瓢	biau2	1	
剽	剽	biau2	2	
薸	薸	biau2	1	浮萍，長在河渠、池塘中，葉橢圓形或倒卵形，扁平，表面綠色，背面紫紅色，花白色
嫖	嫖	biau6	2	
鰾	鳔	biau6	2	
苗	苗	miau2	1	
描	描	miau2	1	
秒	秒	miau6	2	
緲	缈	miau6	2	
渺	渺	miau6	2	
淼	渺	miau6	2	
藐	藐	miau6	2	
苗	苗	miau6	3	覆盆子
瞄	瞄	miau6	2	
廟	庙	miau6	1	
妙	妙	miau6	2	
玅	妙	miau6	2	
謬	谬	miau6	2	
瞄	瞄	mhiau1	1	瞥；掃視
刁	刁	tiau1	1	
貂	貂	tiau1	2	
雕	雕	tiau1	1	
鵰	雕	tiau1	1	
彫	雕	tiau1	1	
琱	雕	tiau1	1	
凋	凋	tiau1	2	
碉	碉	tiau1	2	
釣	钓	tiau1	1	
窵	窎	tiau1	1	窵角
鳥	鸟	tiau3	1	白讀
吊	吊	tiau5	1	
弔	吊	tiau5	2	
盄	盄	tiau5	3	油盄
挑	挑	thiau1	1	
糶	粜	thiau1	2	
𣂁	𣂁	thiau3	1	給人輕易可得的好處
挑	挑	thiau3	3	給人機會或好處
跳	跳	thiau5	1	
䠷	䠷	thiau5	1	出䠷
條	条	diau2	1	
迢	迢	diau2	2	
調	调	diau2	1	
調	调	diau6	2	
掉	掉	diau6	1	
療	疗	liau2	2	
瞭	瞭	liau2	1	
撩	撩	liau2	1	
遼	辽	liau2	1	
𢿞	𢿞	liau2	1	長𢿞𢿞
燎	燎	liau2	2	
蹽	蹽	liau2	3	
寥	寥	liau2	2	
廖	廖	liau2	2	
聊	聊	liau2	1	
䩍	䩍	liau6	1	䩍白
瞭	了	liau6	2	
了	了	liau6	1	
料	料	liau6	1	
昭	昭	ciau1	2	
詔	诏	ciau1	2	
招	招	ciau1	1	
朝	朝	ciau1	2	明朝
椒	椒	ciau1	1	
焦	焦	ciau1	1	
蕉	蕉	ciau1	1	
𩏷	𫃗	ciau1	3	
澆	浇	ciau1	1	
矯	矫	ciau1	2	
嬌	娇	ciau1	1	
驕	骄	ciau1	2	
交	交	ciau1	1	文讀
郊	郊	ciau1	2	
茭	茭	ciau1	2	文讀
膠	胶	ciau1	1	文讀
較	较	ciau1	2	
校	校	ciau1	2	校對
僥	侥	ciau1	2	文讀
覺	觉	ciau1	2	文讀
覚	觉	ciau1	2	文讀
窖	窖	ciau1	2	
𢄺	𢄺	ciau3	3	𢄺身
餃	饺	ciau3	1	
狡	狡	ciau3	2	
鉸	铰	ciau3	2	文讀
絞	绞	ciau3	2	文讀
攪	搅	ciau3	2	文讀
繳	缴	ciau3	1	
照	照	ciau5	1	
炤	照	ciau5	1	
醮	醮	ciau5	1	打醮
叫	叫	ciau5	1	
呌	叫	ciau5	1	
教	教	ciau5	2	教育
敎	教	ciau5	2	教育
酵	酵	ciau5	2	文讀
超	超	chiau1	1	
悄	悄	chiau1	2	
繰	缲	chiau1	1	手工縫合
𣖄	𣖄	chiau1	1	飯𣖄
鍬	锹	chiau1	1	
鍫	锹	chiau1	1	
鞘	鞘	chiau1	2	又音
敲	敲	chiau1	2	文讀
趬	趬	chiau1	3	形容走路悠閒的樣子
巧	巧	chiau3	1	
俏	俏	chiau5	1	
翹	翘	chiau5	1	
蹺	跷	chiau5	1	
蹻	跷	chiau5	1	
墝	墝	chiau5	3	墝埆
竅	窍	chiau5	1	
朝	朝	jiau2	1	
潮	潮	jiau2	1	
嘲	嘲	jiau2	2	
樵	樵	jiau2	2	
喬	乔	jiau2	1	
橋	桥	jiau2	1	
僑	侨	jiau2	2	
蕎	荞	jiau2	1	
荍	荞	jiau2	1	
趙	赵	jiau6	2	
剿	剿	jiau6	2	
勦	剿	jiau6	2	
轎	轿	jiau6	1	
撬	撬	jiau6	1	
翹	翘	jiau6	3	稱東西時秤尾往上翹，所稱東西略多於秤星所標記的重量
嘵	哓	gniau2	1	嘵豬
饒	饶	gniau2	1	
堯	尧	gniau6	2	
繞	绕	gniau6	1	
遶	绕	gniau6	1	
鳥	鸟	gniau6	2	文讀
簫	箫	shiau1	2	
蕭	萧	shiau1	1	
𢸳	𢸳	shiau1	1	打（屁股）
嘯	啸	shiau1	2	
燒	烧	shiau1	1	
焼	烧	shiau1	1	
肖	肖	shiau1	1	
宵	宵	shiau1	2	
硝	硝	shiau1	2	
消	消	shiau1	1	
銷	销	shiau1	1	
逍	逍	shiau1	2	
霄	霄	shiau1	2	
鞘	鞘	shiau1	2	
稍	稍	shiau1	2	
繅	缫	shiau1	3	
枵	枵	shiau1	2	
囂	嚣	shiau1	2	
⿰扌囂	⿰扌嚣	shiau1	3	揭；掀
酵	酵	shiau1	2	文讀
哮	哮	shiau1	2	
小	小	shiau3	1	
筱	筱	shiau3	1	
少	少	shiau3	1	多少
曉	晓	shiau3	1	
暁	晓	shiau3	1	
笑	笑	shiau5	1	
咲	笑	shiau5	1	
少	少	shiau5	1	少年
孝	孝	shiau5	1	凡與孝順有關者一律讀[ɕio˦˦]
邵	邵	zhiau2	2	
韶	韶	zhiau2	2	
兆	兆	zhiau2	2	白讀
擾	扰	zhiau2	2	
肇	肇	zhiau2	2	
肈	肇	zhiau2	2	
召	召	zhiau2	2	
紹	绍	zhiau6	1	
搖	摇	yau2	1	
揺	摇	yau2	1	
謠	谣	yau2	2	
鷂	鹞	yau2	1	鷂子
窑	窑	yau2	1	
窯	窑	yau2	1	
窰	窑	yau2	1	
肴	肴	yau2	2	
餚	肴	yau2	2	
淆	淆	yau2	2	
殽	淆	yau2	2	
姚	姚	yau2	2	
耀	耀	yau2	2	
杳	杳	yau6	2	
效	效	yau6	2	
傚	效	yau6	2	
効	效	yau6	2	
校	校	yau6	2	學校
腰	腰	iau1	1	
闄	闄	iau1	3	闄腳
夭	夭	iau1	2	
殀	夭	iau1	2	
妖	妖	iau1	1	
僥	侥	iau1	2	白讀
么	幺	iau1	2	幺二三
幺	幺	iau1	2	幺二三
吆	吆	iau1	2	
邀	邀	iau1	2	
闄	闄	iau3	3	
舀	舀	iau3	1	
要	要	iau5	1	重要
瓜	瓜	kuo1	2	
剮	剐	kuo3	2	白讀
寡	寡	kuo3	2	白讀
掛	挂	kuo5	2	白讀
挂	挂	kuo5	2	白讀
卦	卦	kuo5	2	白讀
誇	夸	khuo1	2	白讀
夸	夸	khuo1	2	白讀
垮	垮	khuo3	2	白讀
跨	跨	khuo5	2	白讀
呵	呵	huo1	1	呵酣
訶	呵	huo1	1	呵酣
花	花	huo1	1	
蘤	花	huo1	1	
芲	花	huo1	1	
颬	颬	huo1	3	撮攏嘴巴吐出熱氣
蝦	虾	huo3	1	
煆	煆	huo5	1	將熟的食物再蒸熟或加熱，一般是在燒其他食物時順便爲之
化	化	huo5	2	
華	华	huo5	3	用刀劃割瓜果、魚肉等而不使斷裂
花	花	huo5	1	用刀劃割瓜果、魚肉等而不使斷裂
華	华	wo2	2	
鏵	铧	wo2	1	
活	活	wo2	3	又音 僅限於「生活」
話	话	wo6	1	
諙	话	wo6	1	
華	华	wo6	2	
鏵	铧	wo6	2	
畫	画	wo6	1	
划	划	uo1	2	划船
蛙	蛙	uo1	1	
鼃	蛙	uo1	1	
搲	搲	uo1	3	
家	家	cio1	1	舊文讀
嫁	嫁	cio5	1	舊文讀
霞	霞	yo2	1	舊文讀
雅	雅	yo6	1	舊文讀
暇	暇	yo6	1	舊文讀
鴉	鸦	io1	1	舊文讀
鵶	鸦	io1	1	舊文讀
覅	覅	fe1	1	不要
𧟰	覅	fe1	2	不要
𡠍	覅	fe1	2	不要
𫸻	覅	fe1	2	不要
點	点	te1	1	僅限於「點心」
㸃	点	te1	1	僅限於「點心」
戴	戴	te5	1	
獃	呆	te5	2	書呆子
騃	呆	te5	2	書呆子
呆	呆	te5	2	書呆子
態	态	the1	1	
台	台	the1	2	天台
苔	苔	the1	1	舌苔
胎	胎	the1	1	
貸	贷	the1	2	
梯	梯	the1	1	限於「路梯」及與此意義相關數詞
⿰忄態	⿰忄态	the3	3	⿰忄態話
態	态	the3	4	態話
臺	台	de2	1	
檯	台	de2	2	
颱	台	de2	2	
抬	抬	de2	1	
擡	抬	de2	1	
苔	苔	de2	1	苔條
薹	苔	de2	2	
待	待	de6	1	
怠	怠	de6	1	
殆	殆	de6	2	
紿	绐	de6	1	綳緊的物體由於受壓而鬆弛凹下
代	代	de6	1	
玳	玳	de6	1	玳玳花
瑇	玳	de6	1	玳玳花
袋	袋	de6	1	
貸	贷	de6	2	又音
來	来	ne2	5	僅限於「來年子」
耐	耐	ne6	1	
罱	罱	ne6	1	罱河泥
廿	廿	ne6	1	
念	念	ne6	1	
唸	念	ne6	1	
驗	验	ne6	2	
騐	验	ne6	2	
験	验	ne6	2	
奶	奶	nhe5	1	兒化殘留
嬭	奶	nhe5	1	兒化殘留
來	来	le2	1	
灾	灾	tse1	2	
災	灾	tse1	2	
烖	灾	tse1	2	
栽	栽	tse1	2	
崽	崽	tse1	1	
宰	宰	tse3	2	
載	载	tse3	2	一年半載
者	者	tse3	2	
再	再	tse5	1	
載	载	tse5	2	載重
贅	赘	tse5	1	
猜	猜	tshe1	1	
采	采	tshe3	1	
採	采	tshe3	2	
寀	采	tshe3	2	
埰	采	tshe3	2	
彩	彩	tshe3	1	
綵	彩	tshe3	1	
睬	睬	tshe3	1	
倸	睬	tshe3	1	
踩	踩	tshe3	2	
跴	踩	tshe3	2	
𢶀	𢶀	tshe3	3	用力拉
啐	啐	tshe3	3	啐啐
湊	凑	tshe3	3	僅限於「偶湊」
凑	凑	tshe3	3	僅限於「偶湊」
菜	菜	tshe5	1	
才	才	dze2	2	
纔	才	dze2	2	
財	财	dze2	1	
材	材	dze2	1	木材
在	在	dze6	1	
扗	在	dze6	1	
腮	腮	se1	1	
顋	腮	se1	1	
鰓	鳃	se1	2	
衰	衰	se1	2	
帥	帅	se5	2	
賽	赛	se5	1	
裁	裁	ze2	1	
材	材	ze2	1	棺材
載	载	ze6	4	一船爲一載
該	该	ke1	1	
賅	赅	ke1	3	
𡨢	𡨢	ke1	1	
改	改	ke3	1	
揀	拣	ke3	1	僅限於「香揀芋」
蓋	盖	ke5	1	
丐	丐	ke5	2	
匃	丐	ke5	2	
匄	丐	ke5	2	
溉	溉	ke5	2	
漑	溉	ke5	2	
概	概	ke5	2	
槩	概	ke5	2	
槪	概	ke5	2	
開	开	khe1	1	
侅	侅	khe1	3	
凱	凯	khe1	2	
愷	恺	khe1	2	
慨	慨	khe5	2	
嘅	慨	khe5	2	
看	看	khe5	1	用在動詞或動詞結構後面，表示試一試（前面的動詞常用重疊式）
墈	墈	khe5	1	高的堤岸
戤	戤	ge6	1	斜靠
隑	𬮿	ge6	1	斜靠；倚
改	改	ge6	3	僅限於「七錯八改」
䬵	䬵	ge6	1	打䬵
騃	呆	nge2	2	
呆	呆	nge2	1	
礙	碍	nge2	2	
岸	岸	nge2	2	
隑	𬮿	nge6	1	站立
眼	眼	nge6	3	又音 僅限於「一眼」
艾	艾	nge6	1	
蚶	蚶	he1	1	
酣	酣	he1	1	
鼾	鼾	he1	1	
罕	罕	he1	2	
撼	撼	he1	2	
憾	憾	he1	2	
海	海	he3	1	
咍	咍	he5	3	
許	许	he5	1	白讀
漢	汉	he5	1	
熯	熯	he5	3	將食物放在鍋屜上蒸
𩈣	𩈣	he5	3	紅出𩈣𩈣
咳	咳	he5	3	表示惋惜或後悔
孩	孩	ghe2	2	
駭	骇	ghe2	2	
亥	亥	ghe6	1	
咳	咳	ghe6	1	語氣詞，放在句首或句尾，表示肯定、贊同的語氣
欬	咳	ghe6	1	語氣詞，放在句首或句尾，表示肯定、贊同的語氣
害	害	ghe6	2	
嗐	嗐	ghe6	3	表示贊同或驚歎
哀	哀	e1	2	
埃	埃	e1	2	文讀 塵埃
藹	蔼	e5	2	文讀
靄	霭	e5	2	
愛	爱	e5	1	
案	案	e5	1	僅限於「人案」
皆	皆	cie1	2	文讀
階	阶	cie1	2	文讀
堦	阶	cie1	2	文讀
且	且	chie3	2	文讀
茄	茄	jie2	1	
諧	谐	ye2	2	
偕	偕	ye2	2	文讀
也	也	ye6	2	文讀
冶	冶	ye6	2	文讀
械	械	ye6	2	
懈	懈	ye6	2	文讀
班	班	pae1	1	
𤤻	班	pae1	1	
斑	斑	pae1	1	
頒	颁	pae1	2	
般	般	pae1	2	
癍	癍	pae1	2	
瘢	瘢	pae1	1	
畈	畈	pae3	1	田畈
板	板	pae3	1	
闆	板	pae3	1	
版	版	pae3	2	
扳	扳	pae5	1	
扮	扮	pae5	1	
𢲔	𢲔	pae5	1	
畈	畈	pae5	3	地名用詞
攀	攀	phae1	1	
帕	帕	phae3	1	兒化殘留
盼	盼	phae5	2	
襻	襻	phae5	1	
爿	爿	bae2	1	量詞
牌	牌	bae2	1	兒化殘留
𨂝	𨂝	bae6	1	跨；邁
辦	办	bae6	1	
瓣	瓣	bae6	1	
埋	埋	mae2	2	
蠻	蛮	mae2	1	野蠻
晚	晚	mae6	1	白讀
晩	晚	mae6	1	白讀
萬	万	mae6	1	麻將中的一類牌，刻上「一萬」到「九萬」
万	万	mae6	1	麻將中的一類牌，刻上「一萬」到「九萬」
曼	曼	mae6	2	
慢	慢	mae6	1	
漫	漫	mae6	2	
蔓	蔓	mae6	2	
貓	猫	mae6	1	兒化殘留
猫	猫	mae6	1	兒化殘留
邁	迈	mae6	2	
蠻	蛮	mhae1	2	蠻好
咩	咩	mhae5	1	
哶	咩	mhae5	1	
番	番	fae1	1	
翻	翻	fae1	1	
飜	翻	fae1	1	
繙	翻	fae1	1	
幡	幡	fae1	1	
反	反	fae3	1	
返	返	fae3	2	
販	贩	fae5	1	
㽹	㽹	fae5	1	惡心欲吐
泛	泛	fae5	1	
汎	泛	fae5	1	
氾	泛	fae5	1	
𨠒	𨠒	fae5	4	變質；變色；褪色
凡	凡	vae2	2	
帆	帆	vae2	1	
颿	帆	vae2	1	
煩	烦	vae2	1	
繁	繁	vae2	2	
緐	繁	vae2	2	
藩	藩	vae2	2	
梵	梵	vae2	2	
礬	矾	vae2	2	文讀
樊	樊	vae2	2	
晚	晚	vae6	2	文讀
晩	晚	vae6	2	文讀
範	范	vae6	1	把握（分寸）
范	范	vae6	2	
飯	饭	vae6	1	
萬	万	vae6	1	
万	万	vae6	1	
卍	万	vae6	1	
卐	万	vae6	1	
犯	犯	vae6	1	
擔	担	tae1	2	擔任
担	担	tae1	2	擔任
旦	旦	tae1	1	
丹	丹	tae1	2	
單	单	tae1	1	
単	单	tae1	1	
耽	耽	tae1	1	
躭	耽	tae1	1	
眈	眈	tae1	2	
膽	胆	tae3	1	
撣	掸	tae3	1	
擔	担	tae5	1	挑擔
担	担	tae5	1	挑擔
帶	带	tae5	1	僅限於助詞
帯	带	tae5	1	僅限於助詞
攤	摊	thae1	1	
灘	滩	thae1	1	
坍	坍	thae1	1	
癱	瘫	thae1	1	
勯	勯	thae1	1	疲倦已極
毯	毯	thae1	1	
舑	舑	thae1	1	舑舌頭
坦	坦	thae3	1	
袒	袒	thae3	2	
襢	袒	thae3	2	
炭	炭	thae5	1	
嘆	叹	thae5	1	
歎	叹	thae5	1	
痰	痰	dae2	1	
談	谈	dae2	1	
潭	潭	dae2	2	
譚	谭	dae2	2	
罈	坛	dae2	1	
壇	坛	dae2	1	
壜	坛	dae2	1	
罎	坛	dae2	1	
檀	檀	dae2	1	
燂	燂	dae2	1	燂茶
彈	弹	dae2	2	
弾	弹	dae2	2	
繟	𦈎	dae2	4	緩調繟
曇	昙	dae2	2	
誕	诞	dae2	2	
澹	淡	dae6	1	
淡	淡	dae6	1	
𥲄	𥲄	dae6	3	𥲄竹
但	但	dae6	1	
柦	柦	dae6	1	
氮	氮	dae6	1	化學元素
蛋	蛋	dae6	1	
彈	弹	dae6	1	彈子
弾	弹	dae6	1	彈子
難	难	nae2	2	困難
乃	乃	nae6	1	
廼	乃	nae6	1	
迺	乃	nae6	1	
奈	奈	nae6	2	
柰	奈	nae6	2	
難	难	nae6	2	難頭
爛	烂	nae6	1	僅限於「爛泥、爛污泥、爛泥塊」等詞
籃	篮	lae2	1	
藍	蓝	lae2	1	
蘭	兰	lae2	1	
欄	栏	lae2	2	
攔	拦	lae2	1	白讀
瀾	澜	lae2	2	
襴	襕	lae2	1	布襴
覽	览	lae2	2	
覧	览	lae2	2	
纜	缆	lae2	2	
攬	揽	lae2	2	
欖	榄	lae6	1	
懶	懒	lae6	1	
嬾	懒	lae6	1	
濫	滥	lae6	2	
爛	烂	lae6	1	
賴	赖	lae6	5	依賴
頼	赖	lae6	5	依賴
邅	邅	tsae1	1	更換時間或地點
斬	斩	tsae1	1	
盞	盏	tsae3	1	
琖	盏	tsae3	1	
醆	盏	tsae3	1	
趲	趱	tsae3	3	挪動；變換（時間或位置）
攢	攒	tsae3	2	
撍	撍	tsae3	3	兩手有節奏地簸動盛物器具，使裏面的東西調勻或簸去雜質
贊	赞	tsae5	2	
讚	赞	tsae5	2	
賛	赞	tsae5	2	
㜺	赞	tsae5	1	好，用於贊賞事物
灒	𪷽	tsae5	1	濺
饡	𱄊	tsae5	1	油饡子
饊	馓	tsae5	3	油饊子
斬	斩	tsae5	1	斬肉
撍	撍	tsae5	1	兩手上下簸動盛器，使裏面的東西調勻
蘸	蘸	tsae5	1	
參	参	tshae1	2	
叅	参	tshae1	2	
摻	掺	tshae1	1	
攙	搀	tshae1	1	
懺	忏	tshae1	1	
慘	惨	tshae3	2	
產	产	tshae3	1	
産	产	tshae3	1	
鏟	铲	tshae3	1	
剷	铲	tshae3	2	
餐	餐	tshae5	1	
剗	刬	tshae5	1	只；僅僅
燦	灿	tshae5	3	
𪙞	𬺅	tshae5	1	𪙞牙
殘	残	dzae2	1	
讒	谗	dzae2	2	
饞	馋	dzae2	1	
嚵	嚵	dzae2	4	
潺	潺	dzae2	2	
𩻣	𩻣	dzae2	3	蝦𩻣
䱠	䱠	dzae2	5	蝦䱠
𡓦	𰊅	dzae6	1	𡓦頭
蹔	𫏐	dzae6	1	蹔𧉆
暫	暂	dzae6	2	
站	站	dzae6	1	
賺	赚	dzae6	1	
綻	绽	dzae6	1	
棧	栈	dzae6	1	
桟	栈	dzae6	1	
㻵	㻵	dzae6	1	
踐	践	dzae6	2	白讀 僅限於「實踐」
山	山	sae1	1	
疝	疝	sae1	2	
舢	舢	sae1	1	
汕	汕	sae1	2	
訕	讪	sae1	2	
三	三	sae1	1	
叁	叁	sae1	2	
叄	叁	sae1	2	
杉	杉	sae1	1	
衫	衫	sae1	1	
刪	删	sae1	2	
删	删	sae1	2	
珊	珊	sae1	2	
產	产	sae1	2	做產
産	产	sae1	2	做產
傘	伞	sae1	1	
繖	伞	sae1	1	
省	省	sae1	3	僅限於「省勒」
散	散	sae5	1	
嚵	嚵	zae2	1	
饞	馋	zae2	1	饞唾水
鑱	镵	zae2	1	犁鑱頭
鑱	𰾠	zae2	1	犁鑱頭
𡓦	𰊅	zae2	2	𡓦頭
涎	涎	zae2	2	涎唾水
⿰虫孱	⿰虫孱	zae2	1	蝦⿰虫孱
僝	僝	zae6	1	
劖	劖	zae6	1	
𩻣	𩻣	zae6	3	蝦𩻣
奸	奸	kae1	1	
姦	奸	kae1	2	
監	监	kae1	1	
間	间	kae1	2	房間
鑑	𰾫	kae1	2	地名用字
階	阶	kae1	1	僅限於「格步階」一詞
堦	阶	kae1	1	僅限於「格步階」一詞
减	减	kae3	1	
減	减	kae3	1	
堿	碱	kae3	2	
鹼	碱	kae3	2	
鹸	碱	kae3	2	
鹻	碱	kae3	2	
碱	碱	kae3	2	
揀	拣	kae3	1	
間	间	kae3	1	量詞
襇	裥	kae3	1	打襇
襉	裥	kae3	1	打襇
𧟉	裥	kae3	1	打襇
橄	橄	kae3	1	
諫	谏	kae5	1	教育訓誡
鑒	鉴	kae5	2	白讀
鑑	鉴	kae5	2	白讀
鍳	鉴	kae5	2	白讀
監	监	kae5	2	
緘	缄	kae5	2	白讀 緘默
椷	缄	kae5	2	白讀 緘默
尷	尴	kae5	1	
尶	尴	kae5	1	
揩	揩	kae5	3	擦（屁股）
鉛	铅	khae1	1	
鈆	铅	khae1	1	
堪	堪	khae1	2	
龕	龛	khae1	2	
砍	砍	khae1	2	
坎	坎	khae1	2	
埳	坎	khae1	2	
刊	刊	khae1	2	
栞	刊	khae1	2	
艦	舰	khae1	2	
嵌	嵌	khae5	1	
勘	勘	khae5	2	
墈	墈	khae5	1	又音 田墈
檻	槛	khae5	1	
夾	夹	gae2	3	用手指、腳趾夾物
諫	谏	gae6	1	
岩	岩	ngae2	1	
巖	岩	ngae2	1	
巌	岩	ngae2	1	
喦	岩	ngae2	1	
嵒	岩	ngae2	1	
碞	岩	ngae2	1	
巗	岩	ngae2	1	
癌	癌	ngae2	2	
顏	颜	ngae2	1	
顔	颜	ngae2	1	
銜	衔	ngae2	2	僅限於「頭銜」
啣	衔	ngae2	2	僅限於「頭銜」
衘	衔	ngae2	2	僅限於「頭銜」
眼	眼	ngae6	1	
骸	骸	hae1	1	
喊	喊	hae1	2	
莧	苋	hae5	1	莧菜管
鹹	咸	ghae2	1	
閒	闲	ghae2	2	
閑	闲	ghae2	1	
銜	衔	ghae2	2	
啣	衔	ghae2	2	
衘	衔	ghae2	2	
餡	馅	ghae6	1	
限	限	ghae6	1	
陷	陷	ghae6	1	
陥	陷	ghae6	1	
揞	揞	ghae6	3	又音
鴨	鸭	ae3	1	兒化殘留
𩿼	鸭	ae3	1	兒化殘留
𪀌	鸭	ae3	1	兒化殘留
晏	晏	ae5	1	遲；晚
揞	揞	ae5	3	又音
關	关	kuae1	1	
関	关	kuae1	1	
闗	关	kuae1	1	
鰥	鳏	kuae1	2	
乖	乖	kuae1	2	文讀
慣	惯	kuae5	1	
筷	筷	khuae5	1	
環	环	guae2	1	提樑，器物上用手提挈的環或把
𫩙	𫩙	guae2	3	俗寫，提樑，器物上用手提挈的環或把
甩	甩	guae2	3	俗寫，提樑，器物上用手提挈的環或把
摜	掼	guae6	1	
儇	儇	huae1	1	
甩	甩	huae5	3	搖
還	还	wae2	1	歸還
環	环	wae2	2	
患	患	wae2	2	
頑	顽	wae2	2	
宦	宦	wae2	2	
幻	幻	wae2	2	
玩	玩	wae2	2	
翫	玩	wae2	2	
懷	怀	wae2	2	文讀
懐	怀	wae2	2	文讀
淮	淮	wae2	2	
外	外	wae2	2	文讀
環	环	wae6	1	下垂
彎	弯	uae1	1	
灣	湾	uae1	2	
娃	娃	uae3	3	小娃
頑	顽	uae3	1	僅限於意項爲「小孩」的詞語
輓	挽	uae3	1	輓子
挽	挽	uae3	1	
浼	浼	uae3	3	
凂	凂	uae3	3	
帵	帵	uae3	3	
丢	丢	tieu1	2	
丟	丢	tieu1	2	
流	流	lieu2	1	
硫	硫	lieu2	2	
琉	琉	lieu2	2	
瑠	琉	lieu2	2	
璢	琉	lieu2	2	
留	留	lieu2	1	
畱	留	lieu2	1	
餾	馏	lieu2	2	
榴	榴	lieu2	1	
瘤	瘤	lieu2	2	
癅	瘤	lieu2	2	
劉	刘	lieu2	2	
瀏	浏	lieu2	2	
柳	柳	lieu6	1	
桺	柳	lieu6	1	
栁	柳	lieu6	1	
㧕	㧕	lieu6	2	㧕漿糊
溜	溜	lieu6	1	溜冰
溜	溜	lhieu1	2	溜走
鑽	钻	tsoe1	2	
鑚	钻	tsoe1	2	
專	专	tsoe1	2	
専	专	tsoe1	2	
耑	专	tsoe1	2	
磚	砖	tsoe1	1	
塼	砖	tsoe1	1	
甎	砖	tsoe1	1	
鱄	𫚋	tsoe1	1	青鱄魚
纂	纂	tsoe1	2	
篹	纂	tsoe1	2	
轉	转	tsoe3	1	
展	展	tsoe3	2	
鑽	钻	tsoe5	2	鑽頭
鑚	钻	tsoe5	2	鑽頭
籑	馔	tsoe5	2	
饌	馔	tsoe5	2	
戰	战	tsoe5	2	
戦	战	tsoe5	2	
占	占	tsoe5	2	又音
佔	占	tsoe5	2	又音
沾	沾	tsoe5	2	又音
霑	沾	tsoe5	2	又音
汆	汆	tshoe1	2	
竄	窜	tshoe1	1	
攛	撺	tshoe1	1	暗中挑撥離間，本字當爲詀
詀	𧮪	tshoe1	1	暗中挑撥離間，本字當爲詀
篡	篡	tshoe1	2	篡位
簒	篡	tshoe1	2	
穿	穿	tshoe1	1	
川	川	tshoe1	2	
車	车	tshoe1	3	僅限於水车一義
叉	叉	tshoe1	3	又音 僅限於「火叉」
菜	菜	tshoe1	3	又音 僅限於「鵝菜」
揣	揣	tshoe1	2	
喘	喘	tshoe1	2	
躥	蹿	tshoe5	1	
串	串	tshoe5	1	
全	全	dzoe2	1	
痊	痊	dzoe2	2	
傳	传	dzoe2	2	
泉	泉	dzoe2	1	
椽	椽	dzoe2	1	
諓	𬣡	dzoe2	1	因惦記而反復念叨
篆	篆	dzoe6	2	
撰	撰	dzoe6	2	
譔	撰	dzoe6	2	
譸	诪	dzoe6	2	唸叨
傳	传	dzoe6	3	唸叨
酸	酸	soe1	1	
痠	酸	soe1	2	
栓	栓	soe1	2	
拴	拴	soe1	2	
閂	闩	soe1	1	
宣	宣	soe1	1	
選	选	soe3	2	
陝	陕	soe3	2	
算	算	soe5	1	
蒜	蒜	soe5	1	
喧	喧	soe5	2	
諠	喧	soe5	2	
然	然	zoe2	2	
燃	燃	zoe2	2	
船	船	zoe2	1	
舩	船	zoe2	1	
羨	羡	zoe2	2	
羡	羡	zoe2	2	
單	单	zoe2	2	姓
嬋	婵	zoe2	2	
禪	禅	zoe2	2	
蟬	蝉	zoe2	2	
贍	赡	zoe2	2	
纏	缠	zoe2	1	盤纏
旋	旋	zoe2	1	
善	善	zoe6	2	
鱔	鳝	zoe6	1	
鱓	鳝	zoe6	1	
蟮	蟮	zoe6	5	
冉	冉	zoe6	2	
冄	冉	zoe6	2	
膳	膳	zoe6	2	
饍	膳	zoe6	2	
擅	擅	zoe6	2	
旋	旋	zoe6	3	來回地走
舟	舟	cieu1	2	
周	周	cieu1	1	
週	周	cieu1	2	
州	州	cieu1	2	
洲	洲	cieu1	2	
揪	揪	cieu1	2	
揫	揪	cieu1	2	
肘	肘	cieu1	2	
鳩	鸠	cieu1	1	
糾	纠	cieu1	1	
糺	纠	cieu1	1	
赳	赳	cieu1	2	
鬮	阄	cieu1	2	抓鬮
究	究	cieu1	1	
灸	灸	cieu1	1	
帚	帚	cieu3	1	
箒	帚	cieu3	1	
酒	酒	cieu3	1	
韭	韭	cieu3	2	
韮	韭	cieu3	2	
九	九	cieu3	1	
久	久	cieu3	2	
呪	咒	cieu5	1	
咒	咒	cieu5	1	
晝	昼	cieu5	1	
救	救	cieu5	1	
秋	秋	chieu1	1	
秌	秋	chieu1	1	
穐	秋	chieu1	1	
鞦	秋	chieu1	2	
鰍	鳅	chieu1	1	
鰌	鳅	chieu1	1	
揫	揫	chieu1	1	揫水桶
揪	揫	chieu1	1	揫水桶
抽	抽	chieu1	1	
𥻤	𥻤	chieu1	1	用布包好濕物置於灰中使乾燥，或掛起來瀝乾其中水分
丘	丘	chieu1	1	
坵	丘	chieu1	1	
丠	丘	chieu1	1	
邱	邱	chieu1	2	
蚯	蚯	chieu1	2	
丑	丑	chieu3	1	
丒	丑	chieu3	1	
醜	丑	chieu3	2	
臭	臭	chieu5	1	
㾭	㾭	chieu5	4	
籌	筹	jieu2	2	
疇	畴	jieu2	2	
稠	稠	jieu2	1	
綢	绸	jieu2	1	
讎	仇	jieu2	2	
讐	仇	jieu2	2	
酬	酬	jieu2	1	
詶	酬	jieu2	1	
酧	酬	jieu2	1	
醻	酬	jieu2	1	
囚	囚	jieu2	2	
泅	泅	jieu2	1	
㨨	㨨	jieu2	1	
宙	宙	jieu2	2	
求	求	jieu2	1	
球	球	jieu2	1	
毬	球	jieu2	1	
裘	裘	jieu2	2	
仇	仇	jieu2	2	
臼	臼	jieu6	1	
桕	桕	jieu6	1	
舅	舅	jieu6	1	
售	售	jieu6	2	
就	就	jieu6	2	
舊	旧	jieu6	1	
柩	柩	jieu6	2	
牛	牛	gnieu2	2	文讀
原	原	gnieu2	1	僅限於「原舊」
扭	扭	gnieu6	1	
鈕	钮	gnieu6	1	
紐	纽	gnieu6	1	
扭	扭	knieu1	1	
收	收	shieu1	1	
収	收	shieu1	1	
修	修	shieu1	1	
脩	修	shieu1	1	
羞	羞	shieu1	1	
休	休	shieu1	2	
手	手	shieu3	1	
首	首	shieu3	1	
守	守	shieu3	2	
朽	朽	shieu3	2	
秀	秀	shieu5	1	
綉	绣	shieu5	1	
繡	绣	shieu5	1	
繍	绣	shieu5	1	
銹	锈	shieu5	2	
鏽	锈	shieu5	2	
鏥	锈	shieu5	2	
獸	兽	shieu5	2	
獣	兽	shieu5	2	
宿	宿	shieu5	2	星宿
嗅	嗅	shieu5	2	文讀
柔	柔	zhieu2	1	
受	受	zhieu6	1	
袖	袖	zhieu6	1	
壽	寿	zhieu6	1	
授	授	zhieu6	2	
由	由	yeu2	2	
油	油	yeu2	1	
柚	柚	yeu2	2	
郵	邮	yeu2	2	
酉	酉	yeu2	1	
猶	犹	yeu2	2	
尤	尤	yeu2	2	
魷	鱿	yeu2	1	
游	游	yeu2	2	
遊	游	yeu2	2	
有	有	yeu6	1	
誘	诱	yeu6	2	
莠	莠	yeu6	2	
右	右	yeu6	1	
友	友	yeu6	1	
祐	祐	yeu6	2	
佑	佑	yeu6	2	
又	又	yeu6	2	文讀
釉	釉	yeu6	1	
優	优	ieu1	2	
憂	忧	ieu1	2	
悠	悠	ieu1	2	
幽	幽	ieu1	3	
幼	幼	ieu5	1	
婆	婆	boe2	1	又音 僅限於「老太婆」
耙	耙	boe2	4	又音 僅限於「火耙」
端	端	toe1	2	
短	短	toe3	1	
煅	煅	toe5	2	
碫	碫	toe5	3	
斷	断	toe5	2	決斷
彖	彖	thoe1	2	
段	段	thoe1	3	僅限於「段頭」「一段路」等
團	团	doe2	1	
団	团	doe2	1	
糰	𰪶	doe2	1	
斷	断	doe6	1	
段	段	doe6	1	
緞	缎	doe6	1	
囡	囡	noe2	1	
暖	暖	noe6	1	
煖	暖	noe6	1	
煗	暖	noe6	1	
偶	偶	noe6	3	僅限於「偶湊」
囡	囡	nhoe5	1	
螺	螺	loe2	4	兒化變讀 蜓蚰螺
卵	卵	loe6	1	
𤓲	卵	loe6	1	
簍	篓	loe6	4	
亂	乱	loe6	2	
郎	郎	loe6	3	又音 僅限於「兌糖貨郎」
碑	碑	pei1	1	
卑	卑	pei1	2	
悲	悲	pei1	2	
杯	杯	pei1	1	
𦈧	杯	pei1	1	
桮	杯	pei1	1	
盃	杯	pei1	1	
揹	背	pei1	1	
褙	褙	pei1	1	
貝	贝	pei1	2	
彼	彼	pei3	2	白讀
背	背	pei5	1	
揹	背	pei5	2	
輩	辈	pei5	1	
丕	丕	phei1	2	
坯	坯	phei1	1	
胚	胚	phei1	2	
肧	胚	phei1	2	
配	配	phei5	1	
沛	沛	phei5	2	
轡	辔	phei5	2	
培	培	bei2	2	
陪	陪	bei2	1	
賠	赔	bei2	2	
裴	裴	bei2	2	
佩	佩	bei2	2	
倍	倍	bei6	2	
被	被	bei6	1	被迫
備	备	bei6	2	
俻	备	bei6	2	
背	背	bei6	1	背誦
焙	焙	bei6	1	
𤊷	焙	bei6	1	
眉	眉	mei2	1	文讀
楣	楣	mei2	2	
梅	梅	mei2	1	
楳	梅	mei2	1	
槑	梅	mei2	1	
枚	枚	mei2	2	
玫	玫	mei2	1	
黴	霉	mei2	2	
霉	霉	mei2	1	
媒	媒	mei2	1	
煤	煤	mei2	1	
謎	謎	mei2	1	猜謎子
媚	媚	mei2	2	
昧	昧	mei2	2	
美	美	mei6	1	
每	每	mei6	1	
毎	每	mei6	1	
痗	痗	mei6	3	
煝	煝	mei6	3	
𤈦	𤈦	mei6	1	
妹	妹	mei6	1	
妹	妹	mhei5	2	
否	否	fei3	4	否則
𣍐	𠊉	vei2	1	
𣍐	𫧃	vei2	1	
浮	浮	vei6	4	僅限於「浮屍」
堆	堆	tei1	1	
𠡒	𠡒	tei3	1	
對	对	tei5	1	
対	对	tei5	1	
推	推	thei1	1	
㷟	㷟	thei1	1	將已宰殺的豬、鷄等用開水燙後去掉毛
煺	煺	thei1	3	
貪	贪	thei1	2	
腿	腿	thei3	1	
骽	腿	thei3	1	
退	退	thei5	1	
褪	褪	thei5	2	
蛻	蜕	thei5	2	
蜕	蜕	thei5	2	
探	探	thei5	1	
㶒	𰛩	thei5	1	
嘆	叹	thei5	1	又音，限「懶嘆氣」
頹	颓	dei2	2	
頽	颓	dei2	2	
穨	颓	dei2	2	
覃	覃	dei2	1	
潭	潭	dei2	2	白讀 酒潭
窞	窞	dei2	1	窞窞
頭	头	dei2	1	兒化變音
紿	绐	dei6	1	綳緊的物體由於受壓而鬆弛凹下
隊	队	dei6	1	
兌	兑	dei6	1	
兑	兑	dei6	1	
南	南	nei2	2	
楠	楠	nei2	1	
枏	楠	nei2	1	
柟	楠	nei2	1	
男	男	nei2	1	
餒	馁	nei6	2	
耐	耐	nei6	4	僅限於「耐心耐相」
內	内	nei6	2	
内	内	nei6	2	
汭	汭	nei6	3	
𤿏	𤿏	nei6	1	
雷	雷	lei2	1	
𡀂	𡀂	lei2	1	
累	累	lei2	2	
纍	累	lei2	2	
了	了	lei2	3	
儡	儡	lei6	2	
蕾	蕾	lei6	2	
癗	癗	lei6	1	
壘	垒	lei6	1	
塁	垒	lei6	1	
屢	屡	lei6	2	
類	类	lei6	2	
淚	泪	lei6	2	文讀
泪	泪	lei6	2	文讀
涙	泪	lei6	2	文讀
擂	擂	lei6	1	碾
𢺢	𢺢	lei6	1	
洡	洡	lei6	1	
累	累	lei6	3	沾；沾上污物
追	追	tsei1	2	
錐	锥	tsei1	1	
最	最	tsei1	2	
綴	缀	tsei1	2	
簪	簪	tsei1	1	
簮	簪	tsei1	1	
贅	赘	tsei5	2	
醉	醉	tsei5	1	
酔	醉	tsei5	1	
崔	崔	tshei1	2	
催	催	tshei1	2	
摧	摧	tshei1	2	
吹	吹	tshei1	2	文讀
炊	炊	tshei1	2	
𢶀	𢶀	tshei3	3	用力拉
脆	脆	tshei5	1	
脃	脆	tshei5	1	
翠	翠	tshei5	2	
湊	凑	tshei5	1	又音
凑	凑	tshei5	1	又音
𪙞	𪙞	tshei5	3	又音 𪙞牙
⿱咋會	⿱咋会	dzei2	1	「咋會」的合音詞，怎麼會
墜	坠	dzei6	2	又音
雖	虽	sei1	1	
綏	绥	sei1	2	
水	水	sei3	2	文讀
毨	毨	sei3	3	又音
碎	碎	sei5	1	
砕	碎	sei5	1	
稅	税	sei5	2	
税	税	sei5	2	
歲	岁	sei5	1	文讀
嵗	岁	sei5	1	文讀
歳	岁	sei5	1	文讀
糝	糁	sei5	1	飯糝
煞	煞	sei5	3	又音 僅限於「後煞來」
賽	赛	sei5	3	又音 僅限於「賽過」
隨	随	zei2	1	
隋	隋	zei2	2	
垂	垂	zei2	2	
錘	锤	zei2	2	
鎚	锤	zei2	2	
誰	谁	zei2	2	文讀
遂	遂	zei2	2	
隧	隧	zei2	2	
墜	坠	zei2	2	
穗	穗	zei2	2	
穂	穗	zei2	2	
繐	穗	zei2	2	
粹	粹	zei2	2	
粋	粹	zei2	2	
瘁	瘁	zei2	2	
睡	睡	zei2	2	
瑞	瑞	zei2	2	
蠶	蚕	zei2	1	
蕊	蕊	zei6	2	
蕋	蕊	zei6	2	
橤	蕊	zei6	2	
蘂	蕊	zei6	2	
罪	罪	zei6	1	
辠	罪	zei6	1	
銳	锐	zei6	2	
鋭	锐	zei6	2	
蚶	蚶	hei1	2	又音
酣	酣	hei1	2	又音
鼾	鼾	hei1	2	又音
𩈣	𩈣	hei1	5	又音 紅出𩈣𩈣
罕	罕	hei1	2	又音
許	许	hei1	2	白讀 許願心
撼	撼	hei1	2	又音
憾	憾	hei1	2	又音
咳	咳	hei1	4	表示惋惜或後悔
漢	汉	hei5	1	又音
熯	熯	hei5	1	利用水蒸氣的熱力使食物熟或熱
哎	哎	ghei2	1	嘆詞，用於招呼及應答
含	含	ghei2	1	
焓	焓	ghei2	1	熱力學用字
函	函	ghei2	2	
圅	函	ghei2	2	
韓	韩	ghei2	2	
寒	寒	ghei2	1	
翰	翰	ghei2	2	
瀚	瀚	ghei2	2	
銜	衔	ghei2	2	又音
啣	衔	ghei2	2	又音
衘	衔	ghei2	2	又音
旱	旱	ghei6	1	
焊	焊	ghei6	2	
銲	焊	ghei6	2	
釬	焊	ghei6	2	
汗	汗	ghei6	1	
哎	哎	ei1	1	嘆詞，用於招呼及應答
安	安	ei1	1	
庵	庵	ei1	1	
菴	庵	ei1	2	
闇	暗	ei5	2	
暗	暗	ei5	1	
按	按	ei5	1	
案	案	ei5	1	
鞍	鞍	ei5	2	
鞌	鞍	ei5	2	
癸	癸	kuei1	1	
葵	葵	kuei1	2	文讀
規	规	kuei1	1	
槼	规	kuei1	1	
龜	龟	kuei1	2	文讀
亀	龟	kuei1	2	文讀
歸	归	kuei1	2	文讀
帰	归	kuei1	2	文讀
瑰	瑰	kuei1	1	
瓌	瑰	kuei1	1	
鬼	鬼	kuei3	2	文讀
軌	轨	kuei3	1	
詭	诡	kuei3	2	
晷	晷	kuei3	2	
會	会	kuei5	1	會計
檜	桧	kuei5	1	
劊	刽	kuei5	2	
圭	圭	kuei5	2	
閨	闺	kuei5	2	
桂	桂	kuei5	1	
逵	逵	kuei5	2	又音
貴	贵	kuei5	2	文讀
鱖	鳜	kuei5	1	
虧	亏	khuei1	1	文讀
恢	恢	khuei1	2	白讀 恢復
盔	盔	khuei1	2	
窺	窥	khuei1	2	
闚	窥	khuei1	2	
傀	傀	khuei1	2	
愧	愧	khuei1	2	白讀
媿	愧	khuei1	2	白讀
魁	魁	khuei1	2	
奎	奎	khuei3	2	
塊	块	khuei3	1	量詞
塊	块	khuei5	1	
⿰米鬼	⿰米夬	khuei5	1	
逵	逵	guei2	2	
葵	葵	guei2	1	白讀
愧	愧	guei2	2	白讀
媿	愧	guei2	2	白讀
夔	夔	guei2	2	
櫃	柜	guei2	2	文讀
柜	柜	guei2	2	文讀
跪	跪	guei6	2	文讀
灰	灰	huei1	1	
恢	恢	huei1	2	文讀
揮	挥	huei1	2	
輝	辉	huei1	2	
煇	辉	huei1	2	
暉	辉	huei1	2	
卉	卉	huei1	2	
麾	麾	huei1	2	
徽	徽	huei1	2	
幑	徽	huei1	2	
諱	讳	huei1	2	
誨	诲	huei1	2	
昏	昏	huei1	3	又音 僅限於「黃昏頭」
昬	昏	huei1	3	又音 僅限於「黃昏頭」
悔	悔	huei3	1	
毀	毁	huei3	2	
毁	毁	huei3	2	
譭	毁	huei3	2	
燬	毁	huei3	2	
賄	贿	huei5	1	
晦	晦	huei5	1	
穢	秽	huei5	2	
回	回	wei2	1	
囬	回	wei2	1	
囘	回	wei2	1	
𡇌	回	wei2	1	
迴	回	wei2	1	
逥	回	wei2	1	
廻	回	wei2	1	
廽	回	wei2	1	
𢌞	回	wei2	1	
茴	茴	wei2	1	
蛔	蛔	wei2	2	
蜖	蛔	wei2	2	
蛕	蛔	wei2	2	
痐	蛔	wei2	2	
蚘	蛔	wei2	2	
圍	围	wei2	1	
爲	为	wei2	2	行爲
為	为	wei2	2	行為
桅	桅	wei2	1	
慧	慧	wei2	2	
蕙	蕙	wei2	2	
慰	慰	wei2	2	
彙	汇	wei2	2	
危	危	wei2	1	
槐	槐	wei2	1	
韋	韦	wei6	2	
違	违	wei6	2	
緯	纬	wei6	1	
偉	伟	wei6	2	
葦	苇	wei6	1	
煒	炜	wei6	2	
衛	卫	wei6	1	
衞	卫	wei6	1	
匯	汇	wei6	1	
滙	汇	wei6	1	
胃	胃	wei6	1	
謂	谓	wei6	2	
渭	渭	wei6	2	
會	会	wei6	1	
繪	绘	wei6	2	
絵	绘	wei6	2	
位	位	wei6	1	
爲	为	wei6	1	爲什麼
為	为	wei6	2	為什麼
僞	伪	wei6	2	
偽	伪	wei6	2	
魏	魏	wei6	2	
惠	惠	wei6	1	
恵	惠	wei6	1	
威	威	uei1	1	
畏	畏	uei1	2	
煨	煨	uei1	1	
尉	尉	uei1	2	
蔚	蔚	uei1	2	
萎	萎	uei1	1	
痿	痿	uei1	2	
委	委	uei3	1	
餵	喂	uei5	2	文讀
喂	喂	uei5	2	文讀
餧	喂	uei5	2	文讀
波	波	pou1	1	
菠	菠	pou1	1	
玻	玻	pou1	2	
播	播	pou5	2	
簸	簸	pou5	2	
坡	坡	phou1	1	
頗	颇	phou1	2	
跛	跛	phou5	2	
破	破	phou5	1	
剖	剖	phou5	1	
婆	婆	bou2	1	
鄱	鄱	bou2	2	
薄	薄	bou6	2	僅限於「薄荷」
縛	缚	bou6	1	
模	模	mou2	1	
膜	膜	mou2	2	
摩	摩	mou2	2	
魔	魔	mou2	2	
磨	磨	mou2	2	動詞
蘑	蘑	mou2	1	
摹	摹	mou2	2	
募	募	mou2	2	
慕	慕	mou2	2	
暮	暮	mou2	2	
某	某	mou6	2	
磨	磨	mou6	2	名詞
墓	墓	mou6	1	
幕	幕	mou6	2	
幙	幕	mou6	2	
多	多	tou1	1	
多	多	tou3	3	「多少」急讀
拖	拖	thou1	1	
拕	拖	thou1	1	
唾	唾	thou1	2	
䴱	𫜒	thou1	3	䴱黃魚
妥	妥	thou3	1	
橢	椭	thou3	2	
忒	忒	thou5	1	又音
太	太	thou5	3	表示程度過頭
墮	堕	dou2	2	
馱	驮	dou2	1	
駄	驮	dou2	1	
駝	驼	dou2	1	
駞	驼	dou2	1	
陀	陀	dou2	1	
佗	佗	dou2	3	
𡩆	𡩆	dou2	3	
拕	拕	dou2	3	
砣	砣	dou2	1	
舵	舵	dou6	1	
惰	惰	dou6	1	
肚	肚	dou6	3	又音 ①肚皮②用在職業稱謂後面，貶稱某種人（疑爲「墮貧」之音轉）
大	大	dou6	1	白讀
捼	捼	nou2	2	
挼	挼	nou2	1	用手輕輕來回撫摩
儂	侬	nou6	1	
糯	糯	nou6	1	
穤	糯	nou6	1	
稬	糯	nou6	1	
懦	懦	nou6	2	
羅	罗	lou2	1	
鑼	锣	lou2	1	
籮	箩	lou2	1	
騾	骡	lou2	2	
驘	骡	lou2	2	
囉	啰	lou2	1	小囉嗦
螺	螺	lou2	1	
蠃	螺	lou2	1	
腡	脶	lou2	1	圓旋形的指紋
蘿	萝	lou2	1	
爐	炉	lou2	2	
六	六	lou2	3	又音 僅限於「活逼四六」
裸	裸	lou2	2	
躶	裸	lou2	2	
臝	裸	lou2	2	
瘰	瘰	lou2	2	
虜	虏	lou2	2	
擄	掳	lou6	2	
卵	卵	lou6	1	
𤓲	卵	lou6	1	
攎	攎	lou6	1	
邏	逻	lou6	1	
儂	侬	lou6	3	又音 僅限於「我儂」
囉	啰	lhou5	1	囉唆
羅	罗	lhou5	4	僅限於「小羅嗦」
左	左	tsou3	1	
佐	佐	tsou3	2	
做	做	tsou5	1	
搓	搓	tshou1	1	
銼	锉	tshou5	2	
剉	锉	tshou5	2	
挫	挫	tshou5	2	
磋	磋	tshou5	2	
錯	错	tshou5	1	
矬	矬	tshou5	2	
梭	梭	sou1	1	
娑	娑	sou1	2	
啥	啥	sou1	1	
鎖	锁	sou3	1	
鎻	锁	sou3	1	
瑣	琐	sou3	2	
嗩	唢	sou3	2	
嗦	嗦	sou5	2	
唆	唆	sou5	1	
坐	坐	zou6	1	
座	座	zou6	1	
哥	哥	kou1	1	
歌	歌	kou1	1	
謌	歌	kou1	1	
戈	戈	kou1	2	
鍋	锅	kou1	1	
蝸	蜗	kou1	2	
果	果	kou3	1	
裹	裹	kou3	1	
過	过	kou5	1	
個	个	kou5	1	
箇	个	kou5	1	
軻	轲	khou1	2	
苛	苛	khou1	2	
䯊	䯊	khou1	1	腳䯊頭
科	科	khou1	1	
窠	窠	khou1	1	
棵	棵	khou1	1	
顆	颗	khou1	2	
蝌	蝌	khou1	2	
箍	箍	khou1	2	箍桶
可	可	khou3	1	
課	课	khou5	1	
騍	骒	khou5	1	
過	过	khou5	3	又音
俄	俄	ngou2	2	
蛾	蛾	ngou2	1	
娥	娥	ngou2	2	
鵝	鹅	ngou2	1	
鵞	鹅	ngou2	1	
䳘	鹅	ngou2	1	
䳗	鹅	ngou2	1	
訛	讹	ngou2	2	
譌	讹	ngou2	2	
臥	卧	ngou6	2	
餓	饿	ngou6	1	
荷	荷	hou1	2	僅限於「薄荷」
藃	藃	hou1	3	背脊或木板等彎曲弓起
火	火	hou3	1	
伙	伙	hou3	1	
夥	伙	hou3	1	
呵	呵	hou5	1	
訶	呵	hou5	1	
貨	货	hou5	1	
火	火	hou5	3	僅限於「動火」
伙	伙	hou5	3	僅限於「有夥」
夥	伙	hou5	3	僅限於「有夥」
河	河	ghou2	1	
何	何	ghou2	2	
荷	荷	ghou2	1	
嗬	嗬	ghou2	3	
禾	禾	ghou2	1	
和	和	ghou2	1	和平
咊	和	ghou2	1	和平
龢	和	ghou2	1	和平
𤖱	𤖱	ghou2	3	𤖱頭
紅	红	ghou2	3	又音 僅限於「紅毛瓶」
禍	祸	ghou6	1	
旤	祸	ghou6	1	
和	和	ghou6	2	和麵
阿	阿	ou1	2	阿膠
倭	倭	ou1	1	
窩	窝	ou1	1	
萵	莴	ou1	2	文讀
渦	涡	ou1	2	
捼	捼	ou1	1	捼肩搭背
𤉦	𤉦	ou1	1	
屙	屙	ou5	1	大便
倭	倭	ou5	3	「屙」形容脾氣倔和事情糟糕時也作「倭」
惡	恶	ou5	3	大便
污	污	ou5	3	大便
汙	污	ou5	3	大便
汚	污	ou5	3	大便
謀	谋	meu2	2	
矛	矛	meu2	2	白讀
牟	牟	meu2	2	
眸	眸	meu2	2	
拇	拇	meu2	2	
姆	姆	meu2	1	
畝	亩	meu2	2	文讀
畮	亩	meu2	2	文讀
畆	亩	meu2	2	文讀
畂	亩	meu2	2	文讀
貿	贸	meu2	2	
茂	茂	meu2	2	
鄮	鄮	meu2	2	
牡	牡	meu6	1	
母	母	meu6	2	
否	否	feu3	2	
負	负	veu2	2	
浮	浮	veu2	1	白讀
阜	阜	veu2	2	白讀
兜	兜	teu1	1	
兠	兜	teu1	1	
斗	斗	teu3	1	
抖	抖	teu3	1	
陡	陡	teu3	2	
鬥	斗	teu5	1	
鬦	斗	teu5	1	
鬭	斗	teu5	1	
鬬	斗	teu5	1	
闘	斗	teu5	1	
偷	偷	theu1	1	
媮	偷	theu1	1	
婾	偷	theu1	1	
斢	斢	theu1	1	量詞，幢；座
透	透	theu1	3	量詞。幢；座
㪗	㪗	theu3	1	
敨	敨	theu3	2	
透	透	theu5	1	
頭	头	deu2	1	
投	投	deu2	1	
斷	断	deu2	3	又音 僅限於「斷頭爛腳」
豆	豆	deu6	1	
荳	豆	deu6	1	
逗	逗	deu6	2	
竇	窦	deu6	1	
樓	楼	leu2	1	
髏	髅	leu2	2	
摟	搂	leu6	2	
簍	篓	leu6	1	
漏	漏	leu6	1	
僂	偻	leu6	1	僂勾師
𠞭	𫦉	lheu1	2	
摟	搂	lheu1	3	「𠞭」也作「摟」
鏤	镂	lheu1	1	
瞜	䁖	lheu1	3	
鄒	邹	tseu1	2	
縐	绉	tseu1	2	
奏	奏	tseu1	2	
走	走	tseu3	1	
赱	走	tseu3	1	
皺	皱	tseu5	1	
湊	凑	tsheu5	1	
凑	凑	tsheu5	1	
叟	叟	seu1	2	
搜	搜	seu1	2	
捜	搜	seu1	2	
蒐	搜	seu1	2	
颼	飕	seu1	1	
艘	艘	seu1	2	
餿	馊	seu1	1	
𪞫	𪞫	seu1	1	冷𪞫𪞫
毨	毨	seu3	1	禽類、鳥類用嘴整理羽毛
瘦	瘦	seu5	1	
痩	瘦	seu5	1	
嗽	嗽	seu5	1	
漱	漱	seu5	2	
潄	漱	seu5	2	
摗	摗	seu5	1	（鴨子等）以嘴覓取食物
愁	愁	zeu2	1	
驟	骤	zeu2	2	
愁	愁	zeu6	3	僅限於「愁愁」
勾	勾	keu1	1	
鈎	钩	keu1	1	
鉤	钩	keu1	1	
溝	沟	keu1	1	
購	购	keu1	2	
構	构	keu1	2	
搆	构	keu1	2	
媾	媾	keu1	2	
垢	垢	keu1	2	
狗	狗	keu3	1	
枸	枸	keu3	1	
遘	遘	keu5	1	一遘晝
夠	够	keu5	1	
够	够	keu5	1	
口	口	kheu3	1	
摳	抠	kheu5	2	
扣	扣	kheu5	1	
釦	扣	kheu5	1	
𧥣	𬣚	kheu5	1	事先與人說定
寇	寇	kheu5	2	
宼	寇	kheu5	2	
𧺤	𧺤	geu6	1	
跔	跔	geu6	3	
痀	痀	geu6	2	
牛	牛	ngeu2	1	
藕	藕	ngeu6	1	
偶	偶	ngeu6	1	
吼	吼	heu1	3	急迫；着急
吼	吼	heu3	3	
鱟	鲎	heu5	1	
煦	煦	heu5	3	
侯	侯	gheu2	2	
喉	喉	gheu2	1	
猴	猴	gheu2	1	
䞀	䞀	gheu2	4	
哎	哎	gheu2	4	
厚	厚	gheu6	1	
後	后	gheu6	1	
后	后	gheu6	2	
㖃	㖃	gheu6	3	形容哭得很響、很傷心的聲音
候	候	gheu6	1	
歐	欧	eu1	2	
甌	瓯	eu1	2	
嘔	呕	eu1	1	
區	区	eu1	2	姓
漚	沤	eu1	2	
毆	殴	eu1	2	
哎	哎	eu1	1	嘆詞，用於招呼及應答，應答時，有時讀成[œʏ˥˧]
鴉	鸦	eu1	3	又音 僅限於「老鴉」
鵶	鸦	eu1	3	又音 僅限於「老鴉」
傴	伛	eu5	1	
慪	怄	eu5	3	
浜	浜	pan1	1	
繃	绷	pan1	1	名詞
綳	绷	pan1	1	名詞
伯	伯	pan1	1	兒化殘留
繃	绷	pan5	2	動詞
綳	绷	pan5	2	動詞
乓	乓	phan1	1	
烹	烹	phan1	3	
胓	胓	phan1	3	胓㠮
碰	碰	phan5	1	碰杯
踫	碰	phan5	1	碰杯
掽	碰	phan5	1	碰杯
棚	棚	ban2	1	
膨	膨	ban2	1	
𦗭	𦗭	ban2	1	聾𦗭
彭	彭	ban2	1	
朋	朋	ban2	1	
鵬	鹏	ban2	2	
趽	趽	ban2	3	矮趽狗
蚌	蚌	ban6	1	
蟛	蟛	ban6	1	蟛蟲
甏	甏	ban6	1	
碰	碰	ban6	1	碰着
踫	碰	ban6	1	碰着
掽	碰	ban6	1	碰着
盲	盲	man2	3	僅限於「青盲瞎」
蜢	蜢	man6	1	
猛	猛	man6	1	
虻	虻	man6	3	僅限於「黃虻」
蝱	虻	man6	3	僅限於「黃虻」
孟	孟	man6	1	
厖	厖	man6	3	「金孟」又作「金厖」
孟	孟	mhan1	3	僅限於「長孟孟」
打	打	tan3	1	
帶	带	tan3	3	又音 僅限於「對帶」
帯	带	tan3	3	又音 僅限於「對帶」
宕	宕	than5	3	僅限於「軟宕宕」
他	他	than5	3	僅限於「慢他他」
鐋	铴	than5	3	鐋鑼
宕	宕	dan6	1	
趤	趤	dan6	1	逛；散游
冷	冷	lan6	1	
拉	拉	lhan5	3	僅限於「拉打」
爭	争	tsan1	1	白讀
睜	睁	tsan1	2	白讀
撑	撑	tsan1	3	又音
撐	撑	tsan1	3	又音
㬹	㬹	tsan5	1	手肘或腳踝。《集韻》甾莖切，足筋。各詞典均註爲去聲。但該字不單說，詞中也難以確定單字調。
棦	棦	tsan5	3	
撑	撑	tshan1	1	
撐	撑	tshan1	1	
撑	撑	tshan5	3	形容詞。厲害，棒
撐	撑	tshan5	3	形容詞。厲害，棒
鋥	锃	dzan6	1	
䂻	䂻	dzan6	1	䂻狗洞
瞠	瞠	dzan6	1	
生	生	san1	1	白讀
甥	甥	san1	1	
牲	牲	san1	2	
省	省	san3	1	
𤯡	𤯡	san5	1	竹木上極細小的芒刺
庚	庚	kan1	1	
粳	粳	kan1	1	
秔	粳	kan1	1	
稉	粳	kan1	1	
更	更	kan1	2	五更
羹	羹	kan1	1	
耕	耕	kan1	1	
畊	耕	kan1	1	
梗	梗	kan3	3	量詞
梗	梗	kan5	1	作梗
䢚	䢚	kan5	3	黃鱔䢚洞
耿	耿	kan5	3	
坑	坑	khan1	1	
揞	揞	khan5	1	又音 揞掉
鯁	鲠	gan6	1	
骾	鲠	gan6	1	
硬	硬	ngan6	1	
亨	亨	han1	1	
哼	哼	han1	2	
夯	夯	han5	2	
行	行	ghan2	1	行李
桁	桁	ghan2	1	
杏	杏	ghan6	1	
阿	阿	an1	1	阿姆
櫻	樱	an1	1	白讀 櫻桃
桜	樱	an1	1	白讀 櫻桃
鸚	鹦	an1	1	
嗯	嗯	an1	2	
咉	咉	an1	4	用於應答
㿮	㿮	an1	3	
㹙	㹙	an3	1	牛犢
揞	揞	an5	1	揞掉
良	良	lian2	1	
凉	凉	lian2	1	
涼	凉	lian2	1	
諒	谅	lian2	2	
梁	梁	lian2	1	
樑	梁	lian2	2	
粱	粱	lian2	2	
量	量	lian2	1	
糧	粮	lian2	1	
粮	粮	lian2	1	
兩	两	lian6	1	
両	两	lian6	1	
倆	俩	lian6	2	
輛	辆	lian6	2	
輌	辆	lian6	2	
亮	亮	lian6	1	
張	张	cian1	1	
將	将	cian1	1	將來
漿	浆	cian1	1	
姜	姜	cian1	2	
畺	畺	cian1	2	
薑	姜	cian1	1	
僵	僵	cian1	1	
殭	僵	cian1	2	
疆	疆	cian1	2	
繮	缰	cian1	2	
韁	缰	cian1	2	
絳	绛	cian1	1	
糨	糨	cian1	3	
雀	雀	cian3	1	兒化殘留
蔣	蒋	cian3	2	
奬	奖	cian3	2	
獎	奖	cian3	2	
奨	奖	cian3	2	
長	长	cian3	1	長輩
漲	涨	cian3	1	
槳	桨	cian3	1	
脚	脚	cian3	1	兒化殘留
腳	脚	cian3	1	兒化殘留
脹	胀	cian5	1	
帳	帐	cian5	1	
賬	账	cian5	1	
醬	酱	cian5	1	
醤	酱	cian5	1	
仗	仗	cian5	2	打仗
借	借	cian5	3	又音 僅限於「借米聾」
槍	枪	chian1	1	
鎗	枪	chian1	1	
嗆	呛	chian1	3	僅限於「嗆拍」
腔	腔	chian1	1	
羌	羌	chian1	1	
羗	羌	chian1	1	
敞	敞	chian3	2	
廠	厂	chian3	2	
搶	抢	chian3	1	
𪰻	𪰻	chian3	3	一𪰻
悵	怅	chian5	2	
暢	畅	chian5	2	
嗆	呛	chian5	1	
⿰鹵倉	⿰卤仓	chian5	3	⿰鹵倉蟹
𪉨	𪉨	chian5	1	𪉨蟹
腸	肠	jian2	1	
祥	祥	jian2	2	
詳	详	jian2	2	
長	长	jian2	1	長短
場	场	jian2	1	
塲	场	jian2	1	
薔	蔷	jian2	1	
强	强	jian2	1	
強	强	jian2	1	
彊	强	jian2	1	
𠼢	𠼢	jian2	3	
象	象	jian6	1	僅用於地名「象山」
丈	丈	jian6	1	
杖	杖	jian6	1	
張	张	jian6	3	量詞
滰	滰	jian6	2	洗
⿰氵丈	⿰氵丈	jian6	1	洗
犟	犟	jian6	1	
場	场	jian6	1	
塲	场	jian6	1	
仗	仗	jian6	1	
弶	弶	jian6	1	
娘	娘	gnian2	1	
孃	娘	gnian2	1	
嬢	娘	gnian2	1	
瓤	瓤	gnian2	2	
穰	穰	gnian2	2	
穣	穰	gnian2	2	
嚷	嚷	gnian2	2	
央	央	gnian2	1	僅限於表「當中」義的數詞
梁	梁	gnian2	3	鼻頭梁
樑	梁	gnian2	3	鼻頭樑
仰	仰	gnian6	1	
壤	壤	gnian6	1	地壤
壌	壤	gnian6	1	
釀	酿	gnian6	1	
醸	酿	gnian6	1	
讓	让	gnian6	1	
譲	让	gnian6	1	
𥽬	𥽬	gnian6	1	冷飯𥽬
亮	亮	gnian6	1	天亮 當清晨講，聲母特殊
樣	样	gnian6	3	又音 僅限於「別樣」
様	样	gnian6	3	又音 僅限於「別樣」
商	商	shian1	2	白讀
相	相	shian1	1	相信
湘	湘	shian1	2	
厢	厢	shian1	1	
廂	厢	shian1	1	
箱	箱	shian1	1	
襄	襄	shian1	2	
鑲	镶	shian1	1	
香	香	shian1	1	
鄉	乡	shian1	1	
郷	乡	shian1	1	
想	想	shian3	2	
鯗	鲞	shian3	1	
鮝	鲞	shian3	1	
響	响	shian3	1	
餉	饷	shian3	2	
饟	饷	shian3	2	
享	享	shian3	2	
亯	享	shian3	2	
相	相	shian5	1	相貌
向	向	shian5	1	
曏	向	shian5	1	
嚮	向	shian5	1	
牆	墙	zhian2	1	
墻	墙	zhian2	1	
象	象	zhian6	1	
橡	橡	zhian6	1	
像	像	zhian6	1	
匠	匠	zhian6	1	
羊	羊	yan2	1	
洋	洋	yan2	1	
庠	庠	yan2	2	疑爲錯記
烊	烊	yan2	1	
瘍	疡	yan2	2	
陽	阳	yan2	1	
楊	杨	yan2	1	
揚	扬	yan2	1	
颺	扬	yan2	1	
敭	扬	yan2	1	
癢	痒	yan6	1	
養	养	yan6	1	僅限於「養生新婦」、「養生」兩詞
䑆	䑆	yan6	1	惡心䑆䑆
瀁	瀁	yan6	1	液體晃動外溢
樣	样	yan6	1	
様	样	yan6	1	
恙	恙	yan6	2	
煬	烊	yan6	1	
烊	烊	yan6	3	
央	央	ian1	1	
秧	秧	ian1	1	
殃	殃	ian1	2	
映	映	ian1	2	僅限於「放映」
陽	陽	ian1	1	僅限於「陽溝」一詞
芽	芽	ian1	3	僅限於「黃芽菜」
養	养	ian3	2	
怏	怏	ian5	2	
挭	挭	kuan1	1	
梗	梗	kuan3	1	量詞
光	光	kuan5	1	僅限於「光火」
怪	怪	kuan5	3	僅限於「怪清」
恠	怪	kuan5	3	僅限於「怪清」
寡	寡	kuan5	3	僅限於「清湯寡水」
梗	梗	guan6	3	僅限於擬聲詞
趪	趪	guan6	3	形容走路很快聲音很響的樣子
甩	甩	huan5	2	甩出算賬
橫	横	wan2	1	橫豎
橫	横	wan6	1	打橫
橫	横	uan1	1	僅限於「橫至至」
謗	谤	paon1	2	
鎊	镑	paon1	2	
泵	泵	paon1	2	
邦	邦	paon1	2	
幫	帮	paon1	1	
綁	绑	paon3	1	
榜	榜	paon3	1	
牓	榜	paon3	1	
膀	膀	paon3	1	
仿	仿	paon3	3	僅限於「同年相仿」
磅	磅	paon5	1	磅秤
胖	胖	phaon5	1	
髈	髈	phaon5	1	蹄髈
膀	膀	phaon5	1	手膀
旁	旁	baon2	1	
螃	螃	baon2	1	
滂	滂	baon2	2	
膀	膀	baon2	1	
龐	庞	baon2	2	
防	防	baon2	1	白讀
彷	彷	baon2	2	
蟛	蟛	baon2	3	蟛蚏蟹
棒	棒	baon6	1	
傍	傍	baon6	1	
忙	忙	maon2	1	
芒	芒	maon2	1	
虻	虻	maon2	1	
蝱	虻	maon2	1	
氓	氓	maon2	2	
茫	茫	maon2	2	
盲	盲	maon2	1	
蒙	蒙	maon2	2	又音
莽	莽	maon6	2	
蟒	蟒	maon6	2	
網	网	maon6	1	白讀
网	网	maon6	1	白讀
夢	梦	maon6	1	
忘	忘	maon6	2	白讀
妄	妄	maon6	2	白讀
望	望	maon6	2	白讀
朢	望	maon6	2	白讀
懵	懵	maon6	2	又音
方	方	faon1	1	
芳	芳	faon1	2	
肪	肪	faon1	2	
枋	枋	faon1	1	
坊	坊	faon1	1	
仿	仿	faon3	1	
倣	仿	faon3	1	
彷	仿	faon3	1	
髣	仿	faon3	1	
紡	纺	faon3	1	
訪	访	faon3	1	
放	放	faon5	1	
妨	妨	faon5	2	
房	房	vaon2	1	
防	防	vaon2	2	文讀
望	望	vaon6	1	白讀
朢	望	vaon6	1	文讀
亡	亡	vaon6	2	
亾	亡	vaon6	2	
忘	忘	vaon6	2	文讀
妄	妄	vaon6	2	文讀
當	当	taon1	1	
噹	当	taon1	2	
襠	裆	taon1	1	
鐺	铛	taon1	1	
黨	党	taon3	2	
党	党	taon3	2	
當	当	taon5	1	當店
擋	挡	taon5	1	扶
攩	挡	taon5	1	
檔	档	taon5	1	
淌	淌	thaon1	1	
湯	汤	thaon1	1	
趟	趟	thaon1	2	
蹚	趟	thaon1	2	
倘	倘	thaon3	2	
躺	躺	thaon3	2	
䠀	䠀	thaon5	1	踉䠀
燙	烫	thaon5	1	
摥	𫼟	thaon5	3	在長竿上繫網兜或竹器，用它在河底推拉以撮取螺螄
耥	耥	thaon5	1	耥螄螺
套	套	thaon5	3	又音 僅限於「套套」
唐	唐	daon2	1	
糖	糖	daon2	1	
餹	糖	daon2	1	
醣	糖	daon2	1	
塘	塘	daon2	1	
𠗶	𠗶	daon2	1	
溏	溏	daon2	1	
搪	搪	daon2	1	
棠	棠	daon2	1	
堂	堂	daon2	1	
螳	螳	daon2	2	
鏜	镗	daon2	1	
膛	膛	daon2	1	
蕩	荡	daon6	1	
盪	荡	daon6	1	
宕	宕	daon6	1	
趤	趤	daon6	1	𧻴趤公子
攮	攮	naon2	3	
郎	郎	naon2	3	又音 僅限於「嘸郎」
囊	囊	naon6	2	
曩	曩	naon6	2	
儾	儾	naon6	1	儾頭
郎	郎	laon2	1	
郞	郎	laon2	1	
廊	廊	laon2	1	
榔	榔	laon2	1	
螂	螂	laon2	1	
蜋	螂	laon2	1	
蓈	蓈	laon2	1	
啷	啷	laon2	3	
㝗	㝗	laon2	1	
鋃	锒	laon2	1	
朗	朗	laon2	1	
踉	踉	laon2	1	踉䠀
螺	螺	laon2	3	僅限於「搣陀螺」
落	落	laon2	1	僅限於「打蓮花落」
浪	浪	laon6	1	
狼	狼	laon6	2	
㫰	㫰	laon6	1	㫰衣裳
𧻴	𧻴	laon6	1	𧻴趤公子
哴	哴	lhaon5	2	
誏	誏	lhaon5	1	誏話
妝	妆	tsaon1	1	
粧	妆	tsaon1	1	
莊	庄	tsaon1	1	
荘	庄	tsaon1	1	
裝	装	tsaon1	1	
臧	臧	tsaon1	2	
髒	脏	tsaon1	2	
贜	赃	tsaon1	2	
贓	赃	tsaon1	2	
𢈜	𢈜	tsaon1	2	
顙	顙	tsaon1	4	又音 䱀顙魚
章	章	tsaon1	1	
樟	樟	tsaon1	1	
蟑	蟑	tsaon1	1	
彰	彰	tsaon1	2	
障	障	tsaon1	2	
瘴	瘴	tsaon1	2	
嶂	嶂	tsaon1	2	
幛	幛	tsaon1	2	
樁	桩	tsaon1	1	
掌	掌	tsaon3	1	
葬	葬	tsaon5	1	
塟	葬	tsaon5	1	
壯	壮	tsaon5	1	
瘡	疮	tshaon1	1	
倉	仓	tshaon1	1	
蒼	苍	tshaon1	1	
滄	沧	tshaon1	2	
艙	舱	tshaon1	2	
昌	昌	tshaon1	1	
菖	菖	tshaon1	1	
倡	倡	tshaon1	2	
猖	猖	tshaon1	2	
窗	窗	tshaon1	1	
牎	窗	tshaon1	1	
牕	窗	tshaon1	1	
窓	窗	tshaon1	1	
窻	窗	tshaon1	1	
闖	闯	tshaon3	1	
創	创	tshaon5	1	開創
剏	创	tshaon5	1	
剙	创	tshaon5	1	
娼	娼	tshaon5	2	
唱	唱	tshaon5	1	
摐	𪭢	tshaon5	1	用棍棒等垂直擊物
藏	藏	dzaon2	2	
蔵	藏	dzaon2	2	
常	常	dzaon2	1	
嫦	嫦	dzaon2	2	
嘗	尝	dzaon2	2	未嘗
甞	尝	dzaon2	2	未嘗
鱨	鲿	dzaon2	3	
幢	幢	dzaon6	1	
狀	状	dzaon6	1	形狀
藏	藏	dzaon6	1	
蔵	藏	dzaon6	1	
臟	脏	dzaon6	1	
臓	脏	dzaon6	1	
撞	撞	dzaon6	1	
𰤻	𰤻	dzaon6	3	⿱串皿。疊放
霜	霜	saon1	1	
孀	孀	saon1	1	
喪	丧	saon1	1	
桑	桑	saon1	1	
桒	桑	saon1	1	
顙	顙	saon1	1	䱀顙魚
雙	双	saon1	1	
商	商	saon1	2	文讀
熵	熵	saon1	2	熱力學用字
傷	伤	saon1	1	
舂	舂	saon1	1	把東西放在石臼或乳缽裏搗去皮殼或搗碎
磉	磉	saon3	1	
爽	爽	saon3	1	
賞	赏	saon3	2	
償	偿	saon3	2	又音
搡	搡	saon5	1	
牀	床	zaon2	1	
床	床	zaon2	2	
裳	裳	zaon2	1	
嘗	尝	zaon2	1	嘗鹹淡
嚐	尝	zaon2	1	嚐鹹淡
甞	尝	zaon2	1	嚐鹹淡
上	上	zaon6	1	
丄	上	zaon6	1	
狀	状	zaon6	1	狀子
晌	晌	zaon6	1	
昨	昨	zaon6	1	僅限於「昨末」等詞
尚	尚	zaon6	1	
尙	尚	zaon6	1	
緔	绱	zaon6	1	鞝鞋
鞝	绱	zaon6	1	鞝鞋
缸	缸	kaon1	1	
豇	豇	kaon1	1	
扛	扛	kaon1	1	又音 共同用手或肩膀搬東西
摃	扛	kaon1	1	又音 共同用手或肩膀搬東西
鋼	钢	kaon1	1	
剛	刚	kaon1	1	
綱	纲	kaon1	2	
疘	肛	kaon1	1	
肛	肛	kaon1	1	
岡	冈	kaon1	2	
崗	岗	kaon1	2	
江	江	kaon1	1	白讀
講	讲	kaon3	1	白讀
港	港	kaon3	2	
槓	杠	kaon5	1	杠箱
杠	杠	kaon5	1	杠箱
降	降	kaon5	1	僅限於「霜降」
康	康	khaon1	2	
糠	糠	khaon1	2	
穅	糠	khaon1	2	
粇	糠	khaon1	2	
抗	抗	khaon1	2	
炕	炕	khaon1	2	
匟	炕	khaon1	2	
殼	壳	khaon1	3	又音 僅限於「紫殼蟹」
殻	壳	khaon1	3	又音 僅限於「紫殼蟹」
囥	囥	khaon5	1	
慷	慷	khaon5	2	
扛	扛	gaon2	1	共同用手或肩膀搬東西
摃	扛	gaon2	1	共同用手或肩膀搬東西
槓	杠	gaon2	1	
杠	杠	gaon2	1	
㽘	㽘	gaon2	1	地㽘
戇	戆	gaon6	1	戇大
摃	扛	gaon6	1	擱置於上；一般指臨時擱置一下或指擱在不很適宜的地方等
扛	扛	gaon6	1	擱置於上；一般指臨時擱置一下或指擱在不很適宜的地方等
昂	昂	ngaon2	2	
炕	炕	haon1	3	朗炕
絎	绗	ghaon2	1	用針縫衣被等使固定不移動，針腳較長
昂	昂	ghaon2	2	
降	降	ghaon2	2	投降
行	行	ghaon2	1	銀行
航	航	ghaon2	1	
杭	杭	ghaon2	1	
咉	咉	ghaon2	3	用於應答
項	项	ghaon6	1	
巷	巷	ghaon6	2	
骯	肮	aon1	2	
肮	肮	aon1	2	
盎	盎	aon1	1	
怏	怏	aon1	2	犯怏
䱀	𫚐	aon1	1	䱀顙魚
咉	咉	aon1	3	用於應答
光	光	kuaon1	1	
廣	广	kuaon3	1	
広	广	kuaon3	1	
杠	杠	kuaon5	1	杠棍
匡	匡	khuaon1	2	
筐	筐	khuaon1	2	
曠	旷	khuaon5	2	
礦	矿	khuaon5	2	
鑛	矿	khuaon5	2	
鉱	矿	khuaon5	2	
狂	狂	guaon2	1	
逛	逛	guaon6	2	
滉	滉	guaon6	3	
荒	荒	huaon1	1	
慌	慌	huaon1	2	
况	况	huaon1	2	
況	况	huaon1	2	
恍	恍	huaon3	2	
怳	恍	huaon3	2	
晃	晃	huaon3	2	
謊	谎	huaon3	2	
王	王	waon2	1	
黃	黄	waon2	1	
黄	黄	waon2	1	
簧	簧	waon2	1	
璜	璜	waon2	2	
潢	潢	waon2	2	
蟥	蟥	waon2	1	
皇	皇	waon2	2	
蝗	蝗	waon2	2	
惶	惶	waon2	1	
凰	凰	waon2	2	
隍	隍	waon2	1	
旺	旺	waon6	1	
滉	滉	waon6	1	
望	望	uaon1	1	僅限於「張記望記」一詞
朢	望	uaon1	1	僅限於「張記望記」一詞
汪	汪	uaon1	1	
往	往	uaon3	2	
徃	往	uaon3	2	
黃	黄	uaon3	1	「黃」在「蟹黃」、「蛋黃」、「卵黃」中讀零聲母陰上調
黄	黄	uaon3	1	「黃」在「蟹黃」、「蛋黃」、「卵黃」中讀零聲母陰上調
曂	曂	uaon5	1	曂亮
枉	枉	uaon5	1	
降	降	ciaon5	2	降落傘
搬	搬	pun1	1	
半	半	pun5	1	
潘	潘	phun1	2	
盤	盘	phun1	1	又音 全部貨物折價一次出售
半	半	phun5	1	僅限於「半個」
判	判	phun5	5	
判	判	bun2	5	又音 全部貨物折價一次出售
盤	盘	bun2	1	
蟠	蟠	bun2	1	
磐	盘	bun2	1	
叛	叛	bun2	2	
耙	耙	bun2	3	又音 僅限於「火耙」
婆	婆	bun2	1	兒化
伴	伴	bun6	1	
拌	拌	bun6	1	
絆	绊	bun6	2	
瞞	瞒	mun2	2	
饅	馒	mun2	1	
鰻	鳗	mun2	1	
鞔	鞔	mun2	1	
滿	满	mun6	1	
満	满	mun6	1	
漫	漫	mun6	3	水漲；淹沒
㒼	㒼	mun6	1	將孔、縫等用物填封
墁	墁	mun6	1	泥墁
鏝	镘	mun6	3	泥鏝板
官	官	kun1	1	
棺	棺	kun1	1	
倌	倌	kun1	1	
觀	观	kun1	1	
観	观	kun1	1	
冠	冠	kun1	2	
館	馆	kun3	1	
舘	馆	kun3	1	
管	管	kun3	1	
筦	管	kun3	1	
脘	脘	kun3	3	
灌	灌	kun5	1	
罐	罐	kun5	1	
鑵	罐	kun5	1	
貫	贯	kun5	2	
冠	冠	kun5	2	冠軍
寬	宽	khun1	1	
寛	宽	khun1	1	
款	款	khun3	2	
欵	款	khun3	2	
窾	窾	khun3	4	
歡	欢	hun1	1	
歓	欢	hun1	1	
懽	欢	hun1	1	
驩	欢	hun1	1	
花	花	hun1	1	兒化音殘留，表小稱，愛稱，限「奶花」一詞
昏	昏	hun1	3	又音 僅限於「黃昏頭」
昬	昏	hun1	3	又音 僅限於「黃昏頭」
奐	奂	hun5	2	
喚	唤	hun5	1	
渙	涣	hun5	2	
煥	焕	hun5	2	
丸	丸	wun2	1	
完	完	wun2	2	
桓	桓	wun2	2	
緩	缓	wun6	1	
援	援	wun6	2	
換	换	wun6	1	
腕	腕	un1	2	
剜	剜	un1	2	
豌	豌	un1	2	
宛	宛	un3	2	
婉	婉	un3	2	
碗	碗	un3	1	
椀	碗	un3	1	
盌	碗	un3	1	
皖	皖	un3	2	
莞	莞	un3	2	莞爾
畚	畚	pen1	1	
本	本	pen3	1	
撥俉	拨俉	pen3	1	合音
奔	奔	pen5	1	
犇	奔	pen5	1	
逩	奔	pen5	1	
崩	崩	pen5	2	文讀
噴	喷	phen1	1	
烹	烹	phen1	2	文讀
盆	盆	ben2	1	
坌	坌	ben2	1	撥開（土、灰等爛泥）
笨	笨	ben6	1	
捹	捹	ben6	3	撥開（土、灰等爛泥）
門	门	men2	1	
們	们	men2	2	
悶	闷	men2	3	牛羊等不會生育
盟	盟	men2	2	
萌	萌	men2	2	
蚊	蚊	men2	1	白讀
螡	蚊	men2	1	白讀
蟁	蚊	men2	1	白讀
蜈	蜈	men2	2	白讀
明	明	men2	3	僅限於「明朝」
問	问	men6	1	白讀
捫	扪	men6	1	
悶	闷	mhen5	1	
燜	焖	mhen5	1	
捫	扪	mhen5	1	又音
分	分	fen1	1	
芬	芬	fen1	2	
紛	纷	fen1	2	
鋒	锋	fen1	3	僅限於「鋒快」
粉	粉	fen3	1	
奮	奋	fen5	2	
糞	粪	fen5	1	
文	文	ven2	1	
墳	坟	ven2	1	
紋	纹	ven2	1	
蚊	蚊	ven2	2	文讀
螡	蚊	ven2	2	文讀
蟁	蚊	ven2	2	文讀
雯	雯	ven2	2	
炆	炆	ven2	2	
紊	紊	ven2	2	
聞	闻	ven2	2	
問	问	ven2	2	文讀
甮	甮	ven2	1	「勿用」的合音詞，表示勸阻或禁止
焚	焚	ven2	2	
氛	氛	ven2	2	
雰	氛	ven2	2	
忿	忿	ven2	2	
逢	逢	ven2	4	
吻	吻	ven6	2	
脗	吻	ven6	2	
刎	刎	ven6	2	
坋	坋	ven6	4	地坋
份	份	ven6	1	
憤	愤	ven6	1	
登	登	ten1	1	
燈	灯	ten1	1	
瞪	瞪	ten1	2	
鐙	镫	ten1	2	
膯	膯	ten1	3	禽類的嗉囊
𩍐	𩍐	ten1	4	
敦	敦	ten1	1	
墩	墩	ten1	1	
墪	墩	ten1	1	
礅	礅	ten1	2	
蹲	蹲	ten1	2	
等	等	ten3	1	
戥	戥	ten3	1	用手托着東西上下晃動來估量輕重
躉	趸	ten3	1	躉注
頂	顶	ten3	1	
頓	顿	ten5	1	
訰	訰	ten5	3	
凳	凳	ten5	1	
櫈	凳	ten5	1	
燉	炖	ten5	1	
敦	敦	ten5	1	①動詞：豎立；挺。②形容詞，直。
撉	撉	ten5	2	撉撉齊
澄	澄	ten5	2	
膯	膯	ten5	1	滯膯
吞	吞	then1	1	
氽	氽	then3	1	
褪	褪	then5	3	
豚	豚	den2	1	
屯	屯	den2	2	
庉	庉	den2	1	
囤	囤	den2	2	
飩	饨	den2	1	
沌	沌	den2	2	
疼	疼	den2	2	
滕	滕	den2	2	
藤	藤	den2	1	
籐	藤	den2	1	
騰	腾	den2	1	
謄	誊	den2	1	
臀	臀	den2	1	
臋	臀	den2	1	
鄧	邓	den2	2	
遁	遁	den2	2	
遯	遁	den2	2	
𨄇	𨄇	den6	3	
鈍	钝	den6	1	
扽	扽	den6	1	手伸進去摸取東西
能	能	nen2	1	
嫩	嫩	nen6	1	
嫰	嫩	nen6	1	
抍	抍	nhen1	2	抍上去
掄	抡	nhen1	3	舉
能	能	nhen5	3	僅限於「能頭」「能能」
倫	伦	len2	2	
侖	仑	len2	2	
崙	仑	len2	2	
崘	仑	len2	2	
淪	沦	len2	2	
輪	轮	len2	1	
惀	𰑄	len2	1	想；估量
圇	囵	len2	1	囫圇
倰	倰	len2	1	狹倰倰
薐	薐	len2	1	
𦼊	𦼊	len2	3	
菱	菱	len2	4	又音
㔂	㔂	len2	3	刮去（樹皮、竹節）
㨆	㨆	len2	3	刮去（樹皮、竹節）
論	论	len6	2	
棱	棱	len6	2	
稜	棱	len6	2	
楞	楞	len6	1	
愣	愣	len6	1	
曾	曾	tsen1	2	姓
曽	曽	tsen1	2	姓
增	增	tsen1	2	
増	增	tsen1	2	
憎	憎	tsen1	1	
甑	甑	tsen1	1	陶器，口大於底，壁斜，口緣較厚，質粗厚而黃黑，一般盛菜肴用
朕	朕	tsen1	2	
尊	尊	tsen1	1	
遵	遵	tsen1	2	
斟	斟	tsen1	2	又音
爭	争	tsen1	2	文讀
箏	筝	tsen1	2	
掙	挣	tsen1	2	文讀
睜	睁	tsen1	2	文讀
臻	臻	tsen1	2	
榛	榛	tsen1	2	
捘	捘	tsen3	1	用手擠壓
怎	怎	tsen5	2	
參	参	tshen1	2	參差
瞋	嗔	tshen1	3	
嗔	嗔	tshen1	3	
忖	忖	tshen3	1	
村	村	tshen5	2	
邨	村	tshen5	2	
寸	寸	tshen5	1	
襯	衬	tshen5	1	
存	存	dzen2	1	
曾	曾	dzen2	2	
贈	赠	dzen2	2	
生	生	sen1	1	文讀
牲	牲	sen1	1	文讀
甥	甥	sen1	2	文讀
笙	笙	sen1	2	
孫	孙	sen1	1	
遜	逊	sen1	2	
僧	僧	sen1	2	
森	森	sen1	1	
參	参	sen1	1	人參
蔘	参	sen1	1	人參
葠	参	sen1	1	人參
蓡	参	sen1	1	人參
猻	狲	sen1	1	活猻
聲	声	sen1	3	僅限於「回聲」
損	损	sen3	2	
滲	渗	sen5	1	
䚮	䚮	zen2	1	形容厚的樣子
層	层	zen2	1	
層	层	zen6	3	又音
根	根	ken1	1	
跟	跟	ken1	1	
耕	耕	ken1	2	文讀
更	更	ken1	2	更換
亙	亘	ken1	2	
亘	亘	ken1	2	
根	根	ken3	2	量詞
肯	肯	khen3	1	
肎	肯	khen3	1	
啃	啃	khen3	1	
懇	恳	khen3	2	
墾	垦	khen3	2	
掯	掯	khen3	1	掯腦子卜
哏	哏	khen3	3	形容咳嗽聲
哏	哏	gen2	3	又音，形容咳嗽聲
艮	艮	gen6	1	性情執拗，言行生硬
𨆪	𫏕	gen6	2	一腳着地跳着行進
狠	狠	hen3	1	
很	很	hen3	2	
洵	洵	hen5	1	手捏鼻子，用氣排出鼻涕
擤	擤	hen5	3	捏住鼻子，用氣排出鼻涕
脪	脪	hen5	1	
浫	浫	hen5	1	液體被物吸收並滲透
臖	臖	hen5	3	
狠	狠	hen5	3	訓斥
衡	衡	ghen2	2	
恒	恒	ghen2	2	
恆	恒	ghen2	2	
痕	痕	ghen2	1	
恨	恨	ghen6	2	
恩	恩	en1	2	
嗯	嗯	en1	3	
冰	冰	pin1	1	
氷	冰	pin1	1	
兵	兵	pin1	2	
賓	宾	pin1	2	
濱	滨	pin1	2	
檳	槟	pin1	2	
殯	殡	pin1	2	
嬪	嫔	pin1	1	
彬	彬	pin1	2	
斌	斌	pin1	2	
丙	丙	pin3	1	
鈵	鈵	pin3	1	兩邊鈵住了
餅	饼	pin3	1	
秉	秉	pin3	2	
禀	禀	pin3	2	
稟	禀	pin3	2	
屏	屏	pin3	2	屏氣
并	并	pin3	1	
併	并	pin3	1	
鬢	鬓	pin5	3	
柄	柄	pin5	1	
乒	乒	phin1	1	
姘	姘	phin1	1	
拼	拼	phin1	1	
品	品	phin3	1	
聘	聘	phin3	1	
併	并	phin3	1	打併
平	平	bin2	1	
評	评	bin2	1	
坪	坪	bin2	1	
屏	屏	bin2	1	
萍	萍	bin2	2	
憑	凭	bin2	1	
凴	凭	bin2	1	
貧	贫	bin2	2	
瀕	濒	bin2	2	
蘋	苹	bin2	1	
苹	苹	bin2	2	
頻	频	bin2	2	
瓶	瓶	bin2	1	
缾	瓶	bin2	1	
並	并	bin6	2	
竝	并	bin6	2	
病	病	bin6	1	
閩	闽	min2	2	
明	明	min2	1	
朙	明	min2	1	
眀	明	min2	1	
萌	萌	min2	2	白讀
盟	盟	min2	2	白讀
民	民	min2	2	
鳴	鸣	min2	2	
名	名	min2	1	
銘	铭	min2	2	
冥	冥	min2	2	
瞑	瞑	min2	2	
溟	溟	min2	2	
螟	螟	min2	2	
憫	悯	min2	2	
皿	皿	min2	2	
䐇	䐇	min6	1	合攏
敏	敏	min6	2	
抿	抿	min6	1	抿子
命	命	min6	1	
泯	泯	min6	2	
冺	泯	min6	2	
丁	丁	tin1	1	
釘	钉	tin1	1	名詞
盯	盯	tin1	2	
叮	叮	tin1	1	
疔	疔	tin1	1	
汀	汀	tin1	1	水汀
頂	顶	tin3	1	
鼎	鼎	tin3	2	
濎	濎	tin5	1	沉澱
澄	澄	tin5	3	使水中雜質沉下去
釘	钉	tin5	2	動詞
訂	订	tin5	2	
汀	汀	thin1	2	
聽	听	thin1	1	
聴	听	thin1	1	
聼	听	thin1	1	
廳	厅	thin1	2	
桯	桯	thin1	1	牀桯
挺	挺	thin3	1	
艇	艇	thin3	2	
廷	廷	din2	2	
庭	庭	din2	1	
蜓	蜓	din2	1	
霆	霆	din2	2	
亭	亭	din2	2	
停	停	din2	1	
成	成	din2	3	又音 僅限於「成糖」
定	定	din6	1	
錠	锭	din6	1	
靈	灵	lin2	1	
霊	灵	lin2	1	
灵	灵	lin2	1	
菱	菱	lin2	1	
蓤	菱	lin2	1	
陵	陵	lin2	2	
凌	凌	lin2	1	
淩	淩	lin2	1	
綾	绫	lin2	2	
粦	磷	lin2	2	
磷	磷	lin2	2	化學元素
燐	磷	lin2	2	
鄰	邻	lin2	1	
隣	邻	lin2	1	
麟	麟	lin2	2	
麐	麟	lin2	2	
㔂	㔂	lin2	3	刮去（魚鱗）
鱗	鳞	lin2	1	
疄	疄	lin2	1	
零	零	lin2	1	
鈴	铃	lin2	1	
伶	伶	lin2	2	
翎	翎	lin2	1	
檁	檩	lin2	2	
檩	檩	lin2	2	
臨	临	lin2	1	
吝	吝	lin2	2	
恡	吝	lin2	2	
林	林	lin2	1	
淋	淋	lin2	1	
痳	淋	lin2	2	
琳	琳	lin2	2	
㨆	㨆	lin2	3	刮去（魚鱗）
輪	轮	lin2	3	喫輪飯
棱	棱	lin2	3	量詞
稜	棱	lin2	3	量詞
嶺	岭	lin6	2	
領	领	lin6	1	
凜	凛	lin6	2	
凛	凛	lin6	2	
懍	懔	lin6	1	
懔	懔	lin6	1	
令	令	lin6	1	
另	另	lin6	2	
拎	拎	lhin1	1	
針	针	cin1	1	
鍼	针	cin1	1	
抌	抌	cin1	1	將小木片敲入卯榫縫隙，使鬆動的器物牢固，或用小木塊等堵塞小洞孔
貞	贞	cin1	2	
蒸	蒸	cin1	1	
斟	斟	cin1	2	
正	正	cin1	1	正月
珍	珍	cin1	2	
珎	珍	cin1	2	
診	诊	cin1	2	
真	真	cin1	1	
眞	真	cin1	1	
精	精	cin1	1	
睛	睛	cin1	1	
腈	腈	cin1	1	
㲀	㲀	cin1	3	將小木片敲入卯榫縫隙，使鬆動的器物牢固，或用小木塊等堵塞小洞孔
津	津	cin1	2	
晶	晶	cin1	2	
金	金	cin1	1	
今	今	cin1	1	
經	经	cin1	1	
経	经	cin1	1	
莖	茎	cin1	2	
荊	荆	cin1	2	
荆	荆	cin1	2	
京	京	cin1	2	
驚	惊	cin1	1	
筋	筋	cin1	1	
巾	巾	cin1	1	
禁	禁	cin1	2	
襟	襟	cin1	1	
兢	兢	cin1	2	
謹	谨	cin1	2	
鯽	鲫	cin1	3	又音 河鯽魚
枕	枕	cin3	1	
整	整	cin3	1	
疹	疹	cin3	1	
井	井	cin3	1	
盡	尽	cin3	3	僅限於「儘夠」
儘	尽	cin3	3	僅限於「儘夠」
警	警	cin3	1	
緊	紧	cin3	1	
景	景	cin3	1	
錦	锦	cin3	2	
頸	颈	cin3	1	
正	正	cin5	1	
政	政	cin5	2	
症	症	cin5	2	
癥	症	cin5	2	
征	征	cin5	2	
徵	征	cin5	2	
徴	征	cin5	2	
証	证	cin5	1	
證	证	cin5	1	
震	震	cin5	1	
進	进	cin5	1	
浸	浸	cin5	1	
晋	晋	cin5	2	
晉	晋	cin5	2	
敬	敬	cin5	1	
徑	径	cin5	1	
逕	径	cin5	1	
剄	刭	cin5	2	
勁	劲	cin5	2	文读
竟	竟	cin5	1	
鏡	镜	cin5	1	
境	境	cin5	2	
蟶	蛏	chin1	1	
稱	称	chin1	1	
親	亲	chin1	1	
青	青	chin1	1	
靑	青	chin1	1	
蜻	蜻	chin1	1	
清	清	chin1	1	
淸	清	chin1	1	
欽	钦	chin1	2	
輕	轻	chin1	1	
軽	轻	chin1	1	
衾	衾	chin1	1	
請	请	chin3	1	
乘	乘	chin3	2	僅限於「乘車」
頃	顷	chin3	1	
凊	凊	chin5	1	冷凊凊
趁	趁	chin5	1	
趂	趁	chin5	1	
侵	侵	chin5	2	
寢	寝	chin5	2	
秤	秤	chin5	1	
沁	沁	chin5	3	
慶	庆	chin5	1	
撳	揿	chin5	1	
搇	揿	chin5	1	
傾	倾	chin5	2	
卿	卿	chin5	2	
岑	岑	jin2	2	
沈	沉	jin2	1	
沉	沉	jin2	1	
澄	澄	jin2	1	
澂	澄	jin2	1	
陳	陈	jin2	1	
呈	呈	jin2	2	
程	程	jin2	1	
埕	埕	jin2	1	
成	成	jin2	1	
城	城	jin2	1	
誠	诚	jin2	2	
橙	橙	jin2	2	
丞	丞	jin2	2	
承	承	jin2	2	
乘	乘	jin2	2	加減乘除
乗	乘	jin2	2	加減乘除
椉	乘	jin2	2	加減乘除
臣	臣	jin2	2	
塵	尘	jin2	1	
盛	盛	jin2	2	盛飯
仍	仍	jin2	1	
扔	扔	jin2	2	
懲	惩	jin2	2	
情	情	jin2	1	
秦	秦	jin2	2	
辰	辰	jin2	3	又音 僅限於「辰光」
敐	敐	jin2	4	敲擊聲。《廣韻》植鄰切，擊聲
琴	琴	jin2	1	
琹	琴	jin2	1	
禽	禽	jin2	2	
擒	擒	jin2	2	
擎	擎	jin2	1	
鯨	鲸	jin2	2	
謹	谨	jin2	2	又音
僅	仅	jin2	2	
勤	勤	jin2	1	
懃	勤	jin2	1	
芹	芹	jin2	1	
兢	兢	jin2	2	白讀
循	循	jin2	3	又音
盡	尽	jin6	1	
儘	尽	jin6	2	
蕈	蕈	jin6	1	香蕈
近	近	jin6	2	
凚	凚	jin6	1	因受寒或受驚嚇而發抖
噤	噤	jin6	3	
傾	倾	jin6	3	僅限於「傾轉」
陣	阵	jin6	1	
鄭	郑	jin6	1	
剩	剩	jin6	1	
賸	剩	jin6	1	
剰	剩	jin6	1	
鈐	钤	jin6	1	門鈐
勁	劲	jin6	1	白讀
您	您	gnin2	2	
任	任	gnin2	1	白讀
銀	银	gnin2	1	
凝	凝	gnin2	1	
迎	迎	gnin2	2	
寧	宁	gnin2	1	
寍	宁	gnin2	1	
甯	宁	gnin2	1	
寗	宁	gnin2	1	
寜	宁	gnin2	1	
寕	宁	gnin2	1	
吟	吟	gnin2	2	
唫	吟	gnin2	2	
人	人	gnin2	1	白讀
仁	仁	gnin2	1	
鄞	鄞	gnin2	2	
檸	柠	gnin2	2	
嚀	咛	gnin2	2	
妊	妊	gnin2	2	
姙	妊	gnin2	2	
賃	赁	gnin2	2	
佞	佞	gnin2	2	
認	认	gnin6	1	白讀
壬	壬	gnin6	1	
垽	垽	gnin6	1	積垢
韌	韧	gnin6	1	白讀
靭	韧	gnin6	1	白讀
靱	韧	gnin6	1	白讀
深	深	shin1	1	
聲	声	shin1	1	
娠	娠	shin1	2	
升	升	shin1	1	
昇	升	shin1	1	
陞	升	shin1	1	
身	身	shin1	1	
申	申	shin1	1	
伸	伸	shin1	2	
眚	眚	shin1	1	一種眼病，眼內生點
星	星	shin1	1	
腥	腥	shin1	1	
鮏	𱇡	shin1	1	魚鮏
心	心	shin1	1	
忄	心	shin1	1	
辛	辛	shin1	1	
新	新	shin1	1	
薪	薪	shin1	2	
馨	馨	shin1	2	
釁	衅	shin1	2	
衅	衅	shin1	2	
審	审	shin3	2	
嬸	婶	shin3	1	
瀋	沈	shin3	2	
沈	沈	shin3	2	
省	省	shin3	2	反省
醒	醒	shin3	2	
擤	擤	shin3	1	
聖	圣	shin5	1	
勝	胜	shin5	2	
賸	胜	shin5	2	
訊	讯	shin5	2	
汛	汛	shin5	1	
迅	迅	shin5	2	
性	性	shin5	1	
姓	姓	shin5	1	
信	信	shin5	1	
興	兴	shin5	1	
盛	盛	zhin2	2	旺盛
繩	绳	zhin2	1	
縄	绳	zhin2	1	
乘	乘	zhin2	2	乘涼
晴	晴	zhin2	1	
尋	寻	zhin2	1	
堘	塍	zhin2	3	
塍	塍	zhin2	3	
葚	葚	zhin2	2	
甚	甚	zhin6	1	
淨	净	zhin6	1	
凈	净	zhin6	1	
浄	净	zhin6	1	
靜	静	zhin6	2	
循	循	zhin6	1	又音
贏	赢	yin2	1	
嬴	嬴	yin2	2	
行	行	yin2	1	
形	形	yin2	1	
刑	刑	yin2	1	
型	型	yin2	1	
淫	淫	yin2	2	
滛	淫	yin2	2	
婬	淫	yin2	2	
營	营	yin2	2	
営	营	yin2	2	
邢	邢	yin2	2	
盈	盈	yin2	2	
螢	萤	yin2	1	
蛍	萤	yin2	1	
塋	茔	yin2	2	
堘	塍	yin2	2	
塍	塍	yin2	2	
辰	辰	yin2	1	僅限於「時辰」一詞
應	应	yin2	3	僅限於「該應」
応	应	yin2	3	僅限於「該應」
成	成	yin2	3	又音 僅限於「現成人」
穎	颖	yin2	2	
頴	颖	yin2	2	
潁	颍	yin2	2	
幸	幸	yin6	2	
倖	幸	yin6	2	
引	引	yin6	1	
寅	寅	yin6	1	
鷹	鹰	in1	1	
陰	阴	in1	1	
隂	阴	in1	1	
蔭	荫	in1	1	
廕	荫	in1	1	
音	音	in1	1	
膺	膺	in1	1	
應	应	in1	1	
応	应	in1	1	
嬰	婴	in1	2	
纓	缨	in1	2	
鸚	鹦	in1	2	
櫻	樱	in1	2	文讀
桜	樱	in1	2	文讀
鶯	莺	in1	2	
鷪	莺	in1	2	
英	英	in1	2	
殷	殷	in1	2	
慇	殷	in1	2	
因	因	in1	1	
囙	因	in1	1	
姻	姻	in1	2	
婣	姻	in1	2	
洇	洇	in1	1	
茵	茵	in1	2	
蠅	蝇	in1	1	
形	形	in1	3	又音 僅限於「八分形過」
飲	饮	in3	1	
飮	饮	in3	1	
影	影	in3	2	
縈	萦	in3	1	
隱	隐	in3	1	
隠	隐	in3	1	
䌥	𦈠	in3	1	縫（被子）
𢷍	𢷍	in5	1	比測容器大小，或以容器估量物之多少
應	应	in5	1	
印	印	in5	1	
熨	熨	in5	1	
映	映	in5	1	
瀴	瀴	in5	1	把瓜果、食品等放在冷水中使涼
引	引	in5	3	僅限於「地腳引」
滾	滚	kuen3	1	
滚	滚	kuen3	1	
棍	棍	kuen5	1	
昆	昆	khuen1	2	
崑	昆	khuen1	2	
崐	昆	khuen1	2	
坤	坤	khuen1	2	
堃	坤	khuen1	2	
困	困	khuen1	2	
捆	捆	khuen3	2	
綑	捆	khuen3	2	
睏	困	khuen5	1	
滾	滚	guen6	3	僅限於「滾記滾記」
滚	滚	guen6	3	僅限於「滾記滾記」
昏	昏	huen1	1	
昬	昏	huen1	1	
婚	婚	huen1	1	
葷	荤	huen1	1	
魂	魂	wen2	1	
餛	馄	wen2	1	
渾	浑	wen2	1	
混	混	wen6	1	
溫	温	uen1	1	
温	温	uen1	1	
瘟	瘟	uen1	1	
薀	蕰	uen1	1	
穩	稳	uen3	1	
穏	稳	uen3	1	
渾	浑	uen3	3	僅限於「打渾」
搵	揾	uen5	1	在液體、粉末或糊狀的東西裏沾一下就拿出來
揾	揾	uen5	1	在液體、粉末或糊狀的東西裏沾一下就拿出來
君	君	ciun1	2	
莙	莙	ciun1	1	
軍	军	ciun1	1	
均	均	ciun1	2	
鈞	钧	ciun1	2	
皸	皲	ciun1	1	皮膚因受凍而燥裂
桊	桊	ciun5	1	牛鼻桊
棬	桊	ciun5	2	牛鼻棬
菌	菌	chiun5	2	
𧱝	𧱝	chiun5	1	豬用嘴鼻拱
䠻	䠻	chiun5	4	低頭
裙	裙	jiun2	1	
羣	群	jiun2	2	
群	群	jiun2	2	
窘	窘	jiun2	2	
郡	郡	jiun2	2	
熏	熏	shiun1	1	
薰	熏	shiun1	1	
燻	熏	shiun1	1	
焄	焄	shiun1	1	
勛	勋	shiun1	2	
勳	勋	shiun1	2	
勲	勋	shiun1	2	
訓	训	shiun5	2	
勻	匀	yun2	1	
匀	匀	yun2	1	
允	允	yun2	2	
尹	尹	yun2	2	姓
云	云	yun2	2	
雲	云	yun2	1	
隕	陨	yun6	2	
殞	殒	yun6	2	
耘	耘	yun6	1	
閏	闰	yun6	1	
韻	韵	yun6	2	
韵	韵	yun6	2	
運	运	yun6	1	
暈	晕	yun6	1	
孕	孕	yun6	2	
蘊	蕴	iun1	2	
藴	蕴	iun1	2	
肫	肫	tsyun1	1	鳥類及家禽的胃
峻	峻	tsyun1	2	
竣	竣	tsyun1	2	
駿	骏	tsyun1	2	
俊	俊	tsyun1	2	
儁	俊	tsyun1	2	
真	真	tsyun1	1	僅限於「頂真」
眞	真	tsyun1	1	僅限於「頂真」
准	准	tsyun3	2	
準	准	tsyun3	1	
皴	皴	tsyun5	1	皺鼻；皺眉
振	振	tsyun5	1	
䟴	䟴	tsyun5	4	下蹲屈身縱跳
鎮	镇	tsyun5	1	
鎭	镇	tsyun5	1	
震	震	tsyun5	2	
春	春	tshyun1	1	
旾	春	tshyun1	1	
椿	椿	tshyun1	1	
皴	皴	tshyun1	1	
蠢	蠢	tshyun3	1	
惷	蠢	tshyun3	1	
洵	洵	syun1	2	
申	申	syun1	2	
伸	伸	syun1	2	
娠	娠	syun1	2	
榫	榫	syun3	1	榫頭
旬	旬	syun3	1	
筍	笋	syun3	1	
笋	笋	syun3	1	
瞬	瞬	syun5	2	
舜	舜	syun5	2	
殉	殉	syun5	2	
審	审	syun5	2	
仁	仁	zyun2	2	
人	人	zyun2	1	文讀
醇	醇	zyun2	2	
醕	醇	zyun2	2	
循	循	zyun2	1	
楯	楯	zyun2	1	檐楯
純	纯	zyun2	1	
蒓	莼	zyun2	2	
蓴	莼	zyun2	2	
脣	唇	zyun2	2	
唇	唇	zyun2	2	
神	神	zyun2	1	
辰	辰	zyun2	1	
晨	晨	zyun2	2	
宸	宸	zyun2	2	
娠	娠	zyun2	2	又音
巡	巡	zyun2	2	
廵	巡	zyun2	2	
忍	忍	zyun6	2	
蕈	蕈	zyun6	3	
任	任	zyun6	1	
腎	肾	zyun6	1	
順	顺	zyun6	1	
刃	刃	zyun6	2	
仞	仞	zyun6	1	
認	认	zyun6	2	文讀
潤	润	zyun6	2	
慎	慎	zyun6	2	
愼	慎	zyun6	2	
昚	慎	zyun6	2	
軔	轫	zyun6	2	
㞞	𪨊	zyun6	2	精液
蜃	蜃	zyun6	2	出蜃
崩	崩	pon1	1	
捧	捧	phon3	1	
㠮	㠮	phon3	3	胓㠮
碰	碰	phon5	1	碰着
踫	碰	phon5	1	碰着
掽	碰	phon5	1	碰着
蓬	蓬	bon2	1	
篷	篷	bon2	1	
塳	塳	bon2	1	塳塵
蒙	蒙	mon2	1	
懞	蒙	mon2	1	
懵	懵	mon2	1	
風	风	fon1	1	
楓	枫	fon1	1	
瘋	疯	fon1	1	
丰	丰	fon1	2	
豐	丰	fon1	2	
封	封	fon1	1	
峯	峰	fon1	2	
峰	峰	fon1	2	
烽	烽	fon1	2	
蜂	蜂	fon1	1	
鋒	锋	fon1	1	
紛	纷	fon1	3	僅限於「拖紛」
諷	讽	fon1	2	
畚	畚	fon1	1	拖畚
風	风	fon5	1	形容詞，縱情嬉鬧、玩耍
馮	冯	von2	2	
逢	逢	von2	2	
縫	缝	von2	1	裁縫
奉	奉	von6	2	
鳳	凤	von6	1	
縫	缝	von6	1	縫蕩
俸	俸	von6	2	又音
冬	冬	ton1	1	
東	东	ton1	1	
倲	㑈	ton1	3	㽺倲倲
端	端	ton1	1	限於「端午」
懂	懂	ton3	1	
董	董	ton3	2	
㖦	𰇎	ton3	3	
凍	冻	ton5	1	
棟	栋	ton5	1	
通	通	thon1	1	
捅	捅	thon3	2	
統	统	thon3	1	
痛	痛	thon5	1	
同	同	don2	1	
仝	同	don2	1	
衕	同	don2	1	
銅	铜	don2	1	
桐	桐	don2	1	
烔	烔	don2	3	熱烔烔
童	童	don2	1	
瞳	瞳	don2	1	
潼	潼	don2	2	
僮	僮	don2	2	
動	动	don6	1	
桶	桶	don6	1	
筒	筒	don6	1	
筩	筒	don6	1	
䞒	䞒	don6	3	䞒紅
洞	洞	don6	1	
胴	胴	don6	1	胴肛
農	农	non2	1	
辳	农	non2	1	
膿	脓	non2	1	
儂	侬	non6	2	又音
襛	襛	nhon1	1	穿得過多
齈	齈	nhon5	1	黃齈鼻頭
齆	齆	nhon5	1	
噥	哝	nhon5	3	
隆	隆	lon2	1	
龍	龙	lon2	1	
竜	龙	lon2	1	
籠	笼	lon2	1	
襱	襱	lon2	1	布頭襱
朧	胧	lon2	1	
聾	聋	lon2	1	
礱	砻	lon2	1	木製的脫去稻穀外皮的農具
嚨	咙	lon2	1	
攏	拢	lon6	1	
壟	垄	lon6	1	
壠	垅	lon6	2	
躘	𨀁	lon6	1	
弄	弄	lon6	1	
挵	弄	lon6	1	
𢙱	𢙱	lon6	1	呆剝𢙱倲
弄	弄	lhon1	1	放入；伸入
挵	弄	lhon1	1	放入；伸入
宗	宗	tson1	1	
棕	棕	tson1	2	
綜	综	tson1	2	
鬃	鬃	tson1	2	
騌	鬃	tson1	2	
騣	鬃	tson1	2	
鬉	鬃	tson1	2	
踪	踪	tson1	2	
蹤	踪	tson1	2	
中	中	tson1	1	
忠	忠	tson1	2	
盅	盅	tson1	1	
衷	衷	tson1	1	
鐘	钟	tson1	1	
鍾	钟	tson1	2	
終	终	tson1	1	
供	供	tson1	3	僅限於贍養一義
總	总	tson3	1	
総	总	tson3	1	
腫	肿	tson3	1	
種	种	tson3	1	名詞
踵	踵	tson3	2	
塚	冢	tson3	2	
冢	冢	tson3	2	
縱	纵	tson5	1	
縦	纵	tson5	1	
糉	粽	tson5	1	
粽	粽	tson5	1	
衆	众	tson5	2	
眾	众	tson5	1	
種	种	tson5	1	動詞
匆	匆	tshon1	2	
怱	匆	tshon1	2	
悤	匆	tshon1	2	
葱	葱	tshon1	1	
蔥	葱	tshon1	1	
楤	楤	tshon1	1	楤檐
樬	楤	tshon1	1	楤檐
棇	楤	tshon1	1	楤檐
熜	熜	tshon1	3	火熜
囪	囱	tshon1	1	
囱	囱	tshon1	1	
聰	聪	tshon1	2	
聡	聪	tshon1	2	
從	从	tshon1	2	從容
従	从	tshon1	2	從容
从	从	tshon1	2	從容
充	充	tshon1	1	
𥅻	𥅻	tshon1	1	
衝	冲	tshon1	1	
沖	冲	tshon1	1	
冲	冲	tshon1	2	
翀	冲	tshon1	2	
舂	舂	tshon1	2	
寵	宠	tshon3	2	
種	种	tshon3	3	僅限於「火种彭生」
銃	铳	tshon5	1	
蹱	蹱	tshon5	1	
踵	踵	tshon5	2	僅限於「七踵八跌」
從	从	dzon2	1	
従	从	dzon2	1	
从	从	dzon2	1	
叢	丛	dzon2	2	
崇	崇	dzon2	2	
蟲	虫	dzon2	1	
重	重	dzon2	1	
重	重	dzon6	2	
𧙇	𧙇	dzon6	4	𧙇被
誦	诵	dzon6	2	
頌	颂	dzon6	2	
訟	讼	dzon6	1	
松	松	son1	1	
鬆	松	son1	1	
淞	淞	son1	2	
嵩	嵩	son1	2	
叔	叔	son1	1	兒化殘留
𢱤	𢱤	son3	1	
聳	耸	son3	1	
慫	怂	son5	1	弄慫
宋	宋	son5	1	
送	送	son5	1	
𢱤	𢱤	son5	3	推；托
公	公	kon1	1	
工	工	kon1	1	
紅	红	kon1	1	僅限於「苗紅」一詞
功	功	kon1	1	
恭	恭	kon1	2	
蚣	蚣	kon1	2	
汞	汞	kon1	2	化學元素
銾	汞	kon1	2	化學元素，又稱「汞」
躬	躬	kon1	2	
躳	躬	kon1	2	
疘	肛	kon1	1	胴肛
肛	肛	kon1	1	胴肛
弓	弓	kon1	1	
貢	贡	kon1	1	
拱	拱	kon3	1	
攻	攻	kon5	2	
宮	宫	kon5	2	
宫	宫	kon5	2	
龔	龚	kon5	2	
供	供	kon5	1	
𠞖	𠞖	kon5	2	𠞖洞
空	空	khon1	2	空氣
箜	箜	khon1	1	
控	控	khon1	2	
恐	恐	khon3	1	
孔	孔	khon3	1	
空	空	khon5	1	
共	共	gon6	1	
跫	跫	gon6	3	
烘	烘	hon1	1	
訇	訇	hon1	2	
揈	揈	hon1	2	
紅	红	hon1	1	「雪裏蕻」也作「雪裏紅」
蕻	蕻	hon1	1	
哄	哄	hon3	1	
轟	轰	hon5	1	
紅	红	ghon2	1	
洪	洪	ghon2	1	
虹	虹	ghon2	2	文讀
宏	宏	ghon2	2	
弘	弘	ghon2	2	
鴻	鸿	ghon2	2	
叿	叿	ghon2	1	
鑊	镬	ghon2	1	兒化殘留，表小稱
哄	哄	ghon6	3	
鬨	哄	ghon6	3	
閧	哄	ghon6	3	
翁	翁	on1	1	
蕹	蕹	on1	1	蕹菜
䐥	䐥	on1	1	䐥氣
紅	红	on1	3	僅限於「鼻頭紅」
屋	屋	on1	3	又音 僅限於「五架屋」等
蓊	蓊	on3	1	芋艿蓊
瓮	瓮	on5	2	
罋	瓮	on5	2	
甕	瓮	on5	2	
嗡	嗡	on5	2	
傴	伛	on5	2	傴背
迥	迥	cion3	2	
逈	迥	cion3	2	
炯	炯	cion3	2	
烱	炯	cion3	2	
窮	穷	jion2	2	
穹	穹	jion2	2	
絨	绒	gnion2	1	
羢	绒	gnion2	1	
毧	绒	gnion2	1	
濃	浓	gnion2	2	
𡢿	𭑸	gnion2	1	
搑	搑	gnion6	1	人多互相推擠
兄	兄	shion1	1	
兇	凶	shion1	2	
凶	凶	shion1	2	
胸	胸	shion1	1	
胷	胸	shion1	1	
嗅	嗅	shion5	1	
榮	荣	yon2	2	
栄	荣	yon2	2	
融	融	yon2	2	
螎	融	yon2	2	
容	容	yon2	2	
蓉	蓉	yon2	2	
溶	溶	yon2	2	
鎔	镕	yon2	2	
熔	熔	yon2	2	
雄	雄	yon2	1	
熊	熊	yon2	2	
庸	庸	yon2	2	庸俗
螢	萤	yon2	3	又音 僅限於「火螢頭」
蛍	萤	yon2	3	又音 僅限於「火螢頭」
佣	佣	yon6	1	
傭	佣	yon6	1	
用	用	yon6	1	
壅	壅	ion1	1	
擁	拥	ion1	1	
癰	痈	ion1	2	
永	永	ion3	2	
泳	泳	ion3	2	
詠	咏	ion3	2	
咏	咏	ion3	2	
甬	甬	ion3	1	
涌	涌	ion3	2	
湧	涌	ion3	2	
勇	勇	ion3	2	
蛹	蛹	ion3	1	
雍	雍	ion5	2	
雝	雍	ion5	2	
八	八	paq7	1	
丷	八	paq7	1	
百	百	paq7	1	
柏	柏	paq7	1	
栢	柏	paq7	1	
伯	伯	paq7	1	
泊	泊	paq7	2	梁山泊
袹	袹	paq7	3	硬袹紙
不	不	paq7	1	
撥	拨	paq7	1	
缽	钵	paq7	2	
鉢	钵	paq7	2	
盋	钵	paq7	2	
迫	迫	paq7	1	
廹	迫	paq7	1	
爸	爸	paq7	3	阿爸
襞	襞	paq7	1	用漿糊粘合後曬乾的多層硬布，舊時用來做鞋幫及鞋底的襯層
癟	瘪	paq7	3	又音 僅限於「乾薑癟棗」
㿜	瘪	paq7	3	又音 僅限於「乾薑癟棗」
白	白	paq7	3	又音 僅限於「空頭白腦」
拍	拍	phaq7	1	
帕	帕	phaq7	2	
魄	魄	phaq7	1	
珀	珀	phaq7	2	
泊	泊	phaq7	2	湖泊
舶	舶	phaq7	2	
𤖼	𤖼	phaq7	1	𤖼開
潑	泼	phaq7	1	
白	白	baq8	1	
拔	拔	baq8	1	
抜	拔	baq8	1	
鈸	钹	baq8	1	
坺	坺	baq8	3	
跋	跋	baq8	2	
祓	祓	baq8	1	祓秋。音特殊，或爲寧波俗音，The Ningpo Syllabary 亦記作 bah
炦	炦	baq8	3	熱炦炦
薄	薄	baq8	1	又音
鼻	鼻	baq8	1	白讀
帛	帛	baq8	2	
勃	勃	baq8	2	
餑	饽	baq8	2	
浡	浡	baq8	2	吹浡
脖	脖	baq8	2	
渤	渤	baq8	2	
佛	佛	baq8	3	僅限於「大佛」
百	百	baq8	3	僅限於「害連百場」
𦤣	𦤣	baq8	4	又音，餲𦤣
麥	麦	maq8	1	
脈	脉	maq8	1	
脉	脉	maq8	1	
衇	脉	maq8	1	
𢫦	𢫦	maq8	1	用棍棒打
襪	袜	maq8	1	
韈	袜	maq8	1	
韤	袜	maq8	1	
袜	袜	maq8	1	
陌	陌	maq8	1	
沒	没	maq8	1	
没	没	maq8	1	
默	默	maq8	1	
末	末	maq8	1	
抹	抹	maq8	2	
沫	沫	maq8	2	
茉	茉	maq8	1	
𠇱	𠇱	maq8	3	𠇱㒓
枚	枚	maq8	3	又音 量詞
沒	没	mhaq7	2	
發	发	faq7	1	
発	发	faq7	1	
髮	发	faq7	1	
髪	发	faq7	1	
法	法	faq7	1	
灋	法	faq7	1	
砝	砝	faq7	2	
珐	珐	faq7	2	
琺	珐	faq7	2	
弗	弗	faq7	1	
彿	佛	faq7	2	彷彿
佛	佛	faq7	2	彷彿
髴	佛	faq7	2	彷彿
拂	拂	faq7	2	拂曉
勿	勿	faq7	3	又音 不
乏	乏	vaq8	2	
罰	罚	vaq8	1	
罸	罚	vaq8	1	
伐	伐	vaq8	2	
𠲎	𠲎	vaq8	2	
筏	筏	vaq8	2	
栰	筏	vaq8	2	
閥	阀	vaq8	2	
勿	勿	vaq8	1	
物	物	vaq8	1	
弗	弗	vaq8	3	不，字也作「勿」
佛	佛	vaq8	1	
仏	佛	vaq8	1	
𡍲	𡍲	taq7	1	地名用字
𢝉	𢝉	taq7	2	𢝉𢝉動
𢱕	𢱕	taq7	1	𢱕𢱕動
笚	笚	taq7	3	
啄	啄	taq7	1	又音 禽類用嘴叩擊、夾食
答	答	taq7	2	
搭	搭	taq7	1	
溚	溚	taq7	1	溚溚渧
嗒	嗒	taq7	1	品味兒
㿯	㿯	taq7	3	寬㿯㿯
㾑	㾑	taq7	3	壯㾑㾑
瘩	瘩	taq7	1	
德	德	taq7	1	
徳	德	taq7	1	
悳	德	taq7	1	
惪	德	taq7	1	
得	得	taq7	1	
掇	掇	taq7	1	兩手端東西（一般不過胸）
塔	塔	thaq7	1	
墖	塔	thaq7	1	
獺	獭	thaq7	2	水獺
塌	塌	thaq7	1	
榻	榻	thaq7	2	
鰈	鲽	thaq7	2	箬鰈魚
鰨	鳎	thaq7	1	鰙鰨
搨	搨	thaq7	1	
遢	遢	thaq7	1	
𡍲	𡍲	thaq7	2	量詞
貼	贴	thaq7	1	貼大餅
沓	沓	thaq7	1	
䵬	䵬	thaq7	3	黑䵬䵬
㒓	𠉂	thaq7	3	𠇱㒓
脫	脱	thaq7	1	
禿	秃	thaq7	1	
秃	秃	thaq7	1	
忒	忒	thaq7	1	
突	突	thaq7	3	僅限眼珠凸出一義
搭	搭	thaq7	3	又音
宊	宊	thaq7	4	
踏	踏	daq8	1	
達	达	daq8	1	
躂	跶	daq8	1	
澾	㳠	daq8	1	
薘	荙	daq8	1	
涾	涾	daq8	1	涾涾渧
𤒻	𪹹	daq8	1	腐𤒻𤒻
奪	夺	daq8	1	
突	突	daq8	1	
特	特	daq8	1	
沓	沓	daq8	1	量詞
陀	陀	daq8	3	僅限於「搣陀螺」
倷	倷	naq8	1	
捺	捺	naq8	2	
哪	哪	naq8	1	
辣	辣	naq8	3	又音 僅限於「煞辣」
吶	呐	naq8	3	
呐	呐	naq8	3	
納	纳	naq8	1	
衲	衲	naq8	1	
拉	拉	laq8	1	
啦	啦	laq8	3	
辣	辣	laq8	1	
辢	辣	laq8	1	
蠟	蜡	laq8	1	
蝋	蜡	laq8	1	
臘	腊	laq8	1	
臈	腊	laq8	1	
剌	剌	laq8	1	不剌
瘌	瘌	laq8	2	
劣	劣	laq8	2	白讀
獵	猎	laq8	2	
猟	猎	laq8	2	
鑞	镴	laq8	1	
邋	邋	laq8	1	
𦪴	𦪴	laq8	3	𦪴子
迾	迾	laq8	1	遮攔；阻擋
攔	拦	laq8	2	白讀
勒	勒	laq8	1	
了	了	laq8	3	
肋	肋	laq8	1	
捋	捋	laq8	1	
啦	啦	lhaq7	1	
扎	扎	tsaq7	1	
紮	扎	tsaq7	1	
紥	扎	tsaq7	1	
札	札	tsaq7	2	
剳	札	tsaq7	2	
劄	札	tsaq7	2	
箚	札	tsaq7	2	
𧉹	𧉹	tsaq7	3	䗫𧉹
摘	摘	tsaq7	1	
窄	窄	tsaq7	2	
咂	咂	tsaq7	1	
砸	砸	tsaq7	2	
責	责	tsaq7	2	
嘖	啧	tsaq7	2	
隻	只	tsaq7	1	量词
則	则	tsaq7	1	
側	侧	tsaq7	1	
鍘	铡	tsaq7	2	又音
仄	仄	tsaq7	1	
卒	卒	tsaq7	1	
漬	渍	tsaq7	3	僅限於「溼漬漬」
叉	叉	tshaq7	1	僅限於「叉燒」一詞
尺	尺	tshaq7	1	
冊	册	tshaq7	2	
册	册	tshaq7	2	
赤	赤	tshaq7	1	赤豆
漆	漆	tshaq7	2	漆黑
斥	斥	tshaq7	2	
㿭	㿭	tshaq7	1	皴㿭
拆	拆	tshaq7	1	
察	察	tshaq7	2	
詧	察	tshaq7	2	
擦	擦	tshaq7	1	
檫	檫	tshaq7	1	
臿	臿	tshaq7	3	
插	插	tshaq7	1	
揷	插	tshaq7	1	
挿	插	tshaq7	1	
𨔨	𨔨	tshaq7	3	形容走路輕快的樣子
珿	珿	tshaq7	1	珿齊
促	促	tshaq7	1	又音
簇	簇	tshaq7	1	
測	测	tshaq7	1	
側	侧	tshaq7	2	側面
撮	撮	tshaq7	1	
猝	猝	tshaq7	2	
策	策	tshaq7	2	
鸅	鸅	dzaq8	2	
宅	宅	dzaq8	1	
濯	濯	dzaq8	3	在清水裏搓洗
捽	捽	dzaq8	1	用力拉；用力使折斷
澤	泽	dzaq8	2	
沢	泽	dzaq8	2	
擇	择	dzaq8	2	
雜	杂	dzaq8	2	文讀
雑	杂	dzaq8	2	文讀
襍	杂	dzaq8	2	文讀
殺	杀	saq7	1	
薩	萨	saq7	2	
煞	煞	saq7	1	
柵	栅	saq7	1	
栅	栅	saq7	1	
霎	霎	saq7	2	
撒	撒	saq7	2	
𥈊	𥈊	saq7	1	「眨」本字當作「𥈊」
眨	眨	saq7	1	「眨」本字當作「𥈊」
澀	涩	saq7	1	
渋	涩	saq7	1	
濇	涩	saq7	1	
澁	涩	saq7	1	
嗇	啬	saq7	1	
穡	穑	saq7	2	
色	色	saq7	1	
塞	塞	saq7	1	
率	率	saq7	2	
蟀	蟀	saq7	2	
摔	摔	saq7	2	
瑟	瑟	saq7	2	
虱	虱	saq7	1	
蝨	虱	saq7	1	
颯	飒	saq7	2	
釋	释	saq7	2	雪釋掉
釈	释	saq7	2	雪釋掉
濕	湿	saq7	2	衣裳濕濕其
溼	湿	saq7	2	衣裳濕濕其
碎	碎	saq7	3	又音 僅限於「碎食」
砕	碎	saq7	3	又音 僅限於「碎食」
石	石	zaq8	1	
閘	闸	zaq8	1	
牐	闸	zaq8	1	
煠	煠	zaq8	1	烹飪方式，將食物放在水中煮
炸	炸	zaq8	1	烹飪方式，將食物放在油中煮
𧾁	𧾁	zaq8	1	
𧼰	𧼰	zaq8	1	𧼰時
鍘	铡	zaq8	2	
䥷	铡	zaq8	2	
賊	贼	zaq8	1	
雜	杂	zaq8	2	白讀
雑	杂	zaq8	2	白讀
襍	杂	zaq8	2	白讀
夾	夹	kaq7	1	
裌	夹	kaq7	1	
袷	夹	kaq7	1	
頰	颊	kaq7	3	
隔	隔	kaq7	1	
膈	膈	kaq7	1	
槅	槅	kaq7	1	槅子
嗝	嗝	kaq7	1	
塥	塥	kaq7	1	塥泥
㾸	㾸	kaq7	1	㾸𤶁
甲	甲	kaq7	2	白讀
胛	胛	kaq7	1	
格	格	kaq7	1	
介	介	kaq7	1	
溢	溢	kaq7	2	溢出
革	革	kaq7	1	
割	割	kaq7	1	
合	合	kaq7	2	僅限於「合算」
咯	咯	kaq7	2	咯咯笑
蛤	蛤	kaq7	1	
䀫	䀫	kaq7	1	因困倦或生眼病感覺不適而眨動眼睛
骼	骼	kaq7	2	
鴿	鸽	kaq7	1	
胳	胳	kaq7	2	
葛	葛	kaq7	2	
疙	疙	kaq7	1	
吃	吃	kaq7	3	僅限於「吃舌頭」
客	客	khaq7	1	
揢	揢	khaq7	1	量詞，拇指和食指合成的圈兒的大小
磕	磕	khaq7	1	
瞌	瞌	khaq7	1	
搕	搕	khaq7	3	
掐	掐	khaq7	1	
甲	甲	khaq7	2	僅限於「指甲」
胛	胛	khaq7	3	僅限於「挑肩胛」
克	克	khaq7	1	
剋	克	khaq7	1	剋落
尅	克	khaq7	1	剋落
刻	刻	khaq7	1	
咳	咳	khaq7	1	
渴	渴	khaq7	2	
渇	渴	khaq7	2	
軋	轧	gaq8	1	
扤	扤	ngaq8	1	又音 僅限於「扤頭」等
額	额	ngaq8	1	
頟	额	ngaq8	1	
齾	𫜰	ngaq8	1	
扤	扤	nkaq7	1	搖動；晃動
𦨉	𦨉	nkaq7	3	（船、車）擺動；晃動
赫	赫	haq7	2	
嚇	吓	haq7	1	
哈	哈	haq7	2	
瞎	瞎	haq7	1	
黑	黑	haq7	1	
黒	黑	haq7	1	
喝	喝	haq7	2	
欱	喝	haq7	2	
郝	郝	haq7	2	
覈	核	ghaq8	2	
狹	狭	ghaq8	1	
陿	狭	ghaq8	1	
匣	匣	ghaq8	2	
核	核	ghaq8	2	
合	合	ghaq8	1	
盒	盒	ghaq8	1	
壓	压	aq7	1	
圧	压	aq7	1	
鴨	鸭	aq7	1	
𩿼	鸭	aq7	1	
𪀌	鸭	aq7	1	
押	押	aq7	1	
阿	阿	aq7	1	
厄	厄	aq7	1	
戹	厄	aq7	1	
阨	厄	aq7	1	
呃	呃	aq7	1	
扼	扼	aq7	2	
搤	扼	aq7	2	
軛	轭	aq7	1	
藹	蔼	aq7	2	
靄	霭	aq7	2	
謁	谒	aq7	2	
餲	餲	aq7	3	餲𦤣
貼	贴	thiaq7	1	
帖	帖	thiaq7	1	
蝶	蝶	diaq8	2	
蜨	蝶	diaq8	2	
碟	碟	diaq8	1	
牒	牒	diaq8	2	
諜	谍	diaq8	2	
叠	叠	diaq8	1	
曡	叠	diaq8	1	
疊	叠	diaq8	1	
畳	叠	diaq8	1	
沓	沓	diaq8	1	量詞 又音
掠	掠	liaq8	1	
略	略	liaq8	2	
畧	略	liaq8	2	
獵	猎	liaq8	2	
猟	猎	liaq8	2	
劣	劣	liaq8	2	
雀	雀	ciaq7	1	
爵	爵	ciaq7	2	
酌	酌	ciaq7	2	
著	着	ciaq7	1	同「着」
着	着	ciaq7	1	
脚	脚	ciaq7	1	
腳	脚	ciaq7	1	
甲	甲	ciaq7	1	
莢	荚	ciaq7	1	
峽	峡	ciaq7	2	
雀	雀	chiaq7	1	
鵲	鹊	chiaq7	1	
卻	却	chiaq7	2	
却	却	chiaq7	2	
洽	洽	chiaq7	2	
恰	恰	chiaq7	2	
著	着	jiaq8	1	同「着」
着	着	jiaq8	1	火着
𢜭	𢜭	jiaq8	1	𢜭力
捏	捏	gniaq8	1	
揑	捏	gniaq8	1	
虐	虐	gniaq8	2	
瘧	疟	gniaq8	2	
疟	疟	gniaq8	2	
涅	涅	gniaq8	2	
箬	箬	gniaq8	1	蘆箬
鰙	鰙	gniaq8	1	
鑷	镊	gniaq8	1	
削	削	shiaq7	1	
嚼	嚼	zhiaq8	1	
若	若	zhiaq8	2	
弱	弱	zhiaq8	2	
葯	药	yaq8	2	
藥	药	yaq8	1	
薬	药	yaq8	1	
鑰	钥	yaq8	1	
協	协	yaq8	2	
挾	挟	yaq8	2	
峽	峡	yaq8	2	
躍	跃	yaq8	2	
俠	侠	yaq8	2	
洽	洽	yaq8	2	
約	约	iaq7	1	
鴨	鸭	iaq7	2	鴨梨
𩿼	鸭	iaq7	2	鴨梨
𪀌	鸭	iaq7	2	鴨梨
骨	骨	kuaq7	1	
括	括	kuaq7	1	
聒	聒	kuaq7	2	
刮	刮	kuaq7	1	
颳	刮	kuaq7	2	
䀨	䀨	kuaq7	1	眼烏珠䀨瞎
摑	掴	kuaq7	1	
闊	阔	khuaq7	1	
濶	阔	khuaq7	1	
窟	窟	khuaq7	2	白讀
環	环	guaq8	1	僅限於「環頭」一詞
搰	搰	guaq8	3	禽類扇動翅膀
忽	忽	huaq7	2	
豁	豁	huaq7	1	開豁
甩	甩	huaq7	1	
劃	划	waq8	1	
划	划	waq8	2	
滑	滑	waq8	1	
𠿭	𠿭	waq8	3	耕地時吆喝牛停住的聲音
猾	猾	waq8	2	
𣝗	𣝗	waq8	1	果核
核	核	waq8	2	白讀
活	活	waq8	1	
囫	囫	waq8	1	囫圇
還	还	waq8	3	僅限於「還只」
挖	挖	uaq7	1	
䩊	䩊	uaq7	1	眼睛睜開
殟	殟	uaq7	1	心中煩悶；氣不順
𩑦	𬱕	uaq7	1	
屋	屋	uaq7	3	又音 僅限於「屋裏」
北	北	poq7	2	
波	波	poq7	1	寧波
卜	卜	poq7	1	
剝	剥	poq7	1	
剥	剥	poq7	1	
駁	驳	poq7	1	
駮	驳	poq7	1	
博	博	poq7	1	
愽	博	poq7	1	
搏	搏	poq7	2	
膊	膊	poq7	2	
撥	拨	poq7	3	又音
撲	扑	phoq7	1	
扑	扑	phoq7	1	
樸	朴	phoq7	1	
朴	朴	phoq7	2	
仆	仆	phoq7	2	
璞	璞	phoq7	2	
醭	醭	phoq7	1	醋酒等變質後表面漂浮的白色霉菌
𪒢	𪒢	phoq7	3	黑𪒢𪒢
墣	墣	phoq7	3	灰墣氣
𩔈	𩔈	phoq7	1	嬰孩長得肥墩墩，塊頭大
魄	魄	phoq7	1	魄屍
蝮	蝮	phoq7	1	僅限於「犁鑱蝮」
薄	薄	boq8	1	
膊	膊	boq8	1	僅限於「手膊絡頭」
雹	雹	boq8	1	
匐	匐	boq8	3	
蔔	卜	boq8	1	
卜	卜	boq8	1	喫腦子卜
箔	箔	boq8	1	
瀑	瀑	boq8	2	
曝	曝	boq8	2	
僕	仆	boq8	2	
伏	伏	boq8	1	白讀
袱	袱	boq8	2	白讀
栿	栿	boq8	1	地栿
𦤣	𦤣	boq8	3	餲𦤣
木	木	moq8	1	
沐	沐	moq8	2	
莫	莫	moq8	2	
摸	摸	moq8	1	
寞	寞	moq8	2	
漠	漠	moq8	2	
模	模	moq8	2	僅限於「好模好樣」一詞
目	目	moq8	2	
牧	牧	moq8	2	
墨	墨	moq8	1	
穆	穆	moq8	2	
麻	麻	moq8	3	又音 僅限於「癢麻嘍搜」
摩	摩	moq8	1	僅限於「摩托車」
福	福	foq7	1	
幅	幅	foq7	1	
蝠	蝠	foq7	2	
蝮	蝮	foq7	2	
腹	腹	foq7	2	
馥	馥	foq7	2	
複	复	foq7	1	
覆	覆	foq7	1	
服	服	voq8	1	
菔	菔	voq8	1	老菔乾
伏	伏	voq8	1	文讀
茯	茯	voq8	2	
復	复	voq8	2	
篤	笃	toq7	1	
𤒘	𬊯	toq7	3	
督	督	toq7	1	
𧝴	𧝴	toq7	1	衣料不夠，另外縫一塊上去
𧰵	𧰵	toq7	1	𧰵鼓
㞘	㞘	toq7	1	㞘底
䐁	䐁	toq7	1	「㞘」亦作「䐁」
𡰪	𡰪	toq7	1	「㞘」俗作「𡰪」
沰	沰	toq7	1	量詞，指稠黏的液體或有較多水分的堆狀固體
啄	啄	toq7	1	禽類用嘴叩擊、夾食
築	築	toq7	3	表豎、直插義的「篤」本字爲「築」
得	得	toq7	3	僅限於「得知」
跌	跌	toq7	3	又音 僅限於「跌落」
搭	搭	toq7	3	又音
托	托	thoq7	1	
託	托	thoq7	1	
拓	拓	thoq7	1	
度	度	doq8	2	僅限於「猜度」
讀	读	doq8	1	
読	读	doq8	1	
犢	犊	doq8	2	
牘	牍	doq8	2	
黷	黩	doq8	2	
瀆	渎	doq8	2	
獨	独	doq8	1	
鐸	铎	doq8	2	
毒	毒	doq8	2	
踱	踱	doq8	2	
大	大	doq8	3	僅限於「大家」
諾	诺	noq8	2	
錄	录	loq8	2	
録	录	loq8	2	
綠	绿	loq8	1	
緑	绿	loq8	1	
菉	绿	loq8	1	
碌	碌	loq8	1	
磟	碌	loq8	1	
睩	睩	loq8	1	彈眼睩睛
氯	氯	loq8	2	化學元素
祿	禄	loq8	2	
六	六	loq8	1	
陸	陆	loq8	1	
鹿	鹿	loq8	2	
漉	漉	loq8	1	
樂	乐	loq8	2	快樂
楽	乐	loq8	2	快樂
洛	洛	loq8	2	
絡	络	loq8	1	
烙	烙	loq8	1	
駱	骆	loq8	1	
賂	赂	loq8	2	
酪	酪	loq8	2	
落	落	loq8	1	
戮	戮	loq8	2	
勠	戮	loq8	2	
剹	戮	loq8	2	
摝	摝	lhoq7	1	振動；搖動
睩	睩	lhoq7	1	
㖨	㖨	lhoq7	4	
足	足	tsoq7	1	
捉	捉	tsoq7	1	
𧋥	𧋥	tsoq7	3	
作	作	tsoq7	1	
撮	撮	tsoq7	1	撮藥
喌	喌	tsoq7	3	
摘	摘	tsoq7	3	取下；鬆開
折	折	tsoq7	1	
簇	簇	tsoq7	3	聚集
癤	疖	tsoq7	3	又音 僅限於「熱癤」
䭁	䭁	tsoq7	1	腌製品及酒變質而散發出異味
遭	遭	tsoq7	3	僅限於「沃遭」
粥	粥	tsoq7	1	
祝	祝	tsoq7	2	
𡎺	𡎺	tsoq7	1	捉漏 「捉」本字當作「𡎺」
竹	竹	tsoq7	1	
筑	筑	tsoq7	2	
築	筑	tsoq7	1	
燭	烛	tsoq7	1	
囑	嘱	tsoq7	2	
啄	啄	tsoq7	1	啄木鳥
琢	琢	tsoq7	2	
瘃	瘃	tsoq7	1	
涿	涿	tsoq7	2	
卓	卓	tsoq7	2	
桌	桌	tsoq7	1	
槕	桌	tsoq7	1	
竺	竺	tsoq7	2	
浞	浞	tsoq7	1	迹浞
斫	斫	tsoq7	1	用刀斧砍伐
斮	斫	tsoq7	1	用刀斧砍伐
斲	斲	tsoq7	1	用刀斧砍伐
斵	斫	tsoq7	1	用刀斧砍伐
咂	咂	tsoq7	3	
促	促	tshoq7	1	
珿	珿	tshoq7	4	珿齊
戳	戳	tshoq7	1	
蹙	蹙	tshoq7	2	
簇	簇	tshoq7	1	
撮	撮	tshoq7	2	文讀
觸	触	tshoq7	1	
綽	绰	tshoq7	2	綽綽有餘
曲	曲	tshoq7	3	僅限於「曲蟮」
蛐	蛐	tshoq7	3	僅限於「蛐蟮」
赤	赤	tshoq7	3	僅限於「火赤練」
俗	俗	dzoq8	1	
續	续	dzoq8	2	
続	续	dzoq8	2	
族	族	dzoq8	1	
昨	昨	dzoq8	2	文讀
逐	逐	dzoq8	1	
蜀	蜀	dzoq8	2	
濁	浊	dzoq8	1	
妯	妯	dzoq8	1	
㪬	㪬	dzoq8	1	
著	着	dzoq8	2	同「着」
着	着	dzoq8	2	
屬	属	dzoq8	2	
贖	赎	dzoq8	2	
速	速	soq7	1	
欶	欶	soq7	1	吸
簌	簌	soq7	2	
朔	朔	soq7	2	
塑	塑	soq7	2	
嗍	嗍	soq7	3	
宿	宿	soq7	2	
粟	粟	soq7	1	
㬘	㬘	soq7	1	燥㬘
夙	夙	soq7	2	
索	索	soq7	1	
𢱢	𢱢	soq7	1	用手輕輕來回撫摩
式	式	soq7	1	啥…式
什	什	soq7	2	什麼
啥	啥	soq7	1	
爍	烁	soq7	2	
鑠	铄	soq7	2	
叔	叔	soq7	1	
束	束	soq7	1	
縮	缩	soq7	1	
昨	昨	zoq8	2	白讀
辱	辱	zoq8	2	
褥	褥	zoq8	2	
鑿	凿	zoq8	1	
𧮙	𧮙	zoq8	3	罵
熟	熟	zoq8	1	
孰	孰	zoq8	2	
塾	塾	zoq8	2	又音
淑	淑	zoq8	2	
碩	硕	zoq8	2	
勺	勺	zoq8	1	
芍	芍	zoq8	1	
國	国	koq7	1	
国	国	koq7	1	
囯	国	koq7	1	
圀	国	koq7	1	
圐	国	koq7	1	
閣	阁	koq7	1	
擱	搁	koq7	1	
𰟫	𰟄	koq7	3	⿰火閣。食物加少量油，用微火炒制
郭	郭	koq7	2	
谷	谷	koq7	2	
穀	谷	koq7	1	
角	角	koq7	2	
埆	埆	koq7	3	
虢	虢	koq7	2	
覺	觉	koq7	2	覺着
覚	觉	koq7	2	覺着
各	各	koq7	1	
該	该	koq7	3	又音 僅限於「該晌」
哭	哭	khoq7	1	
廓	廓	khoq7	2	
擴	扩	khoq7	2	
拡	扩	khoq7	2	
確	确	khoq7	2	白讀
确	确	khoq7	2	白讀
𤿩	𤿩	khoq7	1	東西乾後與粘着處脫開，中間凸起
窟	窟	khoq7	2	又音
窖	窖	khoq7	2	
嚳	喾	khoq7	2	
酷	酷	khoq7	2	
殼	壳	khoq7	1	
殻	壳	khoq7	1	
個	个	goq8	1	
箇	个	goq8	1	
嗰	个	goq8	1	
擱	搁	goq8	1	
埆	埆	goq8	3	又音 墝埆
岳	岳	ngoq8	2	
嶽	岳	ngoq8	2	
愕	愕	ngoq8	2	
鄂	鄂	ngoq8	2	
顎	颚	ngoq8	2	
腭	腭	ngoq8	2	
齶	腭	ngoq8	2	
萼	萼	ngoq8	2	
蕚	萼	ngoq8	2	
鶚	鹗	ngoq8	2	
鰐	鳄	ngoq8	2	
鱷	鳄	ngoq8	2	
噩	噩	ngoq8	2	
鶴	鹤	ngoq8	1	
樂	乐	ngoq8	2	姓
楽	乐	ngoq8	2	姓
瓦	瓦	ngoq8	1	僅限於「硯瓦爿」一詞
霍	霍	hoq7	1	
藿	藿	hoq7	2	
𢞕	𢞕	hoq7	3	喫𢞕
嚯	嚯	hoq7	3	
豁	豁	hoq7	2	豁出去
壑	壑	hoq7	2	
嗀	嗀	hoq7	1	
謞	謞	hoq7	3	
獲	获	ghoq8	2	
穫	获	ghoq8	2	
鑊	镬	ghoq8	1	
嚯	嚯	ghoq8	3	
或	或	ghoq8	2	
惑	惑	ghoq8	2	
蜮	蜮	ghoq8	1	蜮蟲
域	域	ghoq8	2	白讀
學	学	ghoq8	1	白讀
個	个	ghoq8	3	又音
箇	个	ghoq8	3	又音
嗰	个	ghoq8	3	又音
屋	屋	oq7	1	
握	握	oq7	2	
齷	龌	oq7	2	
沃	沃	oq7	2	
惡	恶	oq7	1	
悪	恶	oq7	1	
阿	阿	oq7	1	僅限於「阿講」一詞
喫	吃	chioq7	1	
玉	玉	gnioq8	1	
肉	肉	gnioq8	1	
𢫭	𢫭	gnioq8	1	
掿	掿	gnioq8	3	
浴	浴	gnioq8	2	白讀
箬	箬	gnioq8	2	箬鰈魚
鰙	鰙	gnioq8	2	
育	育	gnioq8	1	僅限於「阿育王寺」一詞
筆	笔	piq7	1	
潷	滗	piq7	1	擋住浸泡在液體中的東西把液體倒出來
畢	毕	piq7	1	
𨂅	𨂅	piq7	3	
必	必	piq7	1	
䀣	䀣	piq7	3	䀣眼火
壁	壁	piq7	1	
璧	璧	piq7	2	
碧	碧	piq7	1	
逼	逼	piq7	2	
偪	逼	piq7	2	
煏	煏	piq7	3	
憋	憋	piq7	2	
鱉	鳖	piq7	1	
鼈	鳖	piq7	1	
𤎨	𤎨	piq7	1	高溫灼烤
癟	瘪	piq7	1	
㿜	瘪	piq7	1	
百	百	piq7	3	僅限於「百發百中」
撥	拨	piq7	3	又音
疋	匹	phiq7	1	
匹	匹	phiq7	1	
䏘	䏘	phiq7	1	女陰
撇	撇	phiq7	1	
僻	僻	phiq7	2	
劈	劈	phiq7	2	
擗	劈	phiq7	2	
霹	霹	phiq7	1	
癖	癖	phiq7	2	
闢	辟	phiq7	2	
辟	辟	phiq7	2	
別	别	biq8	1	
别	别	biq8	1	
弼	弼	biq8	2	
鼻	鼻	biq8	1	文讀
笓	笓	biq8	1	依次緊挨着放
䀣	䀣	biq8	3	䀣眼火
蹩	蹩	biq8	1	
𨂅	𨂅	biq8	3	
𧼱	𧼱	biq8	1	追；趕
𤐧	𤐧	biq8	1	用火烘或高溫使乾
煏	煏	biq8	3	又音
滅	灭	miq8	2	
搣	搣	miq8	1	用手指搓捻使旋轉
密	密	miq8	1	
蜜	蜜	miq8	1	
覓	觅	miq8	2	
覔	觅	miq8	2	
蔑	蔑	miq8	1	
衊	蔑	miq8	2	
篾	篾	miq8	1	
幂	幂	miq8	2	
冪	幂	miq8	2	
末	末	miq8	3	僅限於「今末」
嘸沒	呒没	mhiq7	1	合音
的	的	tiq7	1	
旳	的	tiq7	1	
扚	扚	tiq7	1	用兩個手指甲掐起或截斷
𢯊	𢯊	tiq7	3	
滴	滴	tiq7	1	
嫡	嫡	tiq7	2	
跌	跌	tiq7	1	
搭	搭	tiq7	3	又音
踢	踢	thiq7	1	
剔	剔	thiq7	2	
惕	惕	thiq7	2	
鐵	铁	thiq7	1	
鉄	铁	thiq7	1	
天	天	thiq7	1	天亮 當清晨講，韻、調特殊
聽	听	thiq7	3	又音 僅限於「聽明」
笛	笛	diq8	1	
迪	迪	diq8	2	
狄	狄	diq8	2	
荻	荻	diq8	2	
敵	敌	diq8	2	
迭	迭	diq8	2	
滌	涤	diq8	2	
翟	翟	diq8	2	白讀
糴	籴	diq8	1	糴米
踏	踏	diq8	3	又音 僅限於「踏牀」
力	力	liq8	1	
律	律	liq8	1	
𢯰	𢯰	liq8	1	讓帶水的東西放在盛器中自行滴乾
栗	栗	liq8	1	
慄	栗	liq8	1	
凓	栗	liq8	1	
率	率	liq8	2	效率
曆	历	liq8	1	
厤	历	liq8	1	
歷	历	liq8	2	
歴	历	liq8	2	
厯	历	liq8	2	
癧	疬	liq8	1	癧串
靂	雳	liq8	1	
瀝	沥	liq8	1	竹瀝
立	立	liq8	1	
笠	笠	liq8	2	
粒	粒	liq8	1	
列	列	liq8	1	
裂	裂	liq8	2	
烈	烈	liq8	2	
冽	冽	liq8	2	
櫟	栎	liq8	2	
礫	砾	liq8	2	
䉭	䉭	liq8	1	用竹篾編成的曬物器具，長方形如門板，也可以用來遮蔽倉庫門
裏	里	liq8	3	又音 僅限於「花裏花繃」
裡	里	liq8	3	又音 僅限於「花裏花繃」
接	接	ciq7	1	
即	即	ciq7	1	
卽	即	ciq7	1	
節	节	ciq7	1	
鯽	鲫	ciq7	2	文讀
𧉆	𧉆	ciq7	1	蹔𧉆
執	执	ciq7	2	
汁	汁	ciq7	1	
迹	迹	ciq7	1	
跡	迹	ciq7	1	
蹟	迹	ciq7	1	
績	绩	ciq7	1	
勣	绩	ciq7	1	
漬	渍	ciq7	1	
積	积	ciq7	1	
織	织	ciq7	1	
職	职	ciq7	2	
脊	脊	ciq7	1	
瘠	瘠	ciq7	2	
尐	尐	ciq7	4	小尐尐
炙	炙	ciq7	2	
只	只	ciq7	1	
祇	只	ciq7	1	同「只」
知	知	ciq7	5	僅限於「弗知」
蜘	蜘	ciq7	2	僅限於「蜘蛛」
騭	骘	ciq7	1	
轍	辙	ciq7	2	
折	折	ciq7	1	
哲	哲	ciq7	2	
喆	哲	ciq7	2	
蜇	蜇	ciq7	1	
浙	浙	ciq7	2	
摺	折	ciq7	1	
褶	褶	ciq7	2	
質	质	ciq7	2	
灼	灼	ciq7	1	
𢆞	𢆞	ciq7	1	量詞，捆
指	指	ciq7	3	又音 僅限於「腳指末頭」
今	今	ciq7	1	僅限於「今末」等詞
結	结	ciq7	1	
潔	洁	ciq7	1	
絜	洁	ciq7	1	同「潔」
䥛	䥛	ciq7	1	䥛子刀
吉	吉	ciq7	1	
詰	诘	ciq7	2	
鮚	鲒	ciq7	1	黃鮚
秸	秸	ciq7	1	
稭	秸	ciq7	1	
級	级	ciq7	1	
汲	汲	ciq7	2	
秄	秄	ciq7	5	量詞；捆
給	给	ciq7	2	文讀
急	急	ciq7	1	
劫	劫	ciq7	2	
刼	劫	ciq7	2	
刦	劫	ciq7	2	
擊	击	ciq7	2	
撃	击	ciq7	2	
墼	墼	ciq7	1	
激	激	ciq7	2	
棘	棘	ciq7	2	
孑	孑	ciq7	2	
揭	揭	ciq7	1	
掲	揭	ciq7	1	
羯	羯	ciq7	1	羯豬
夾	夹	ciq7	3	僅限用筷子夾取食物一義
砌	砌	chiq7	2	
輯	辑	chiq7	2	
緝	缉	chiq7	1	
七	七	chiq7	1	
漆	漆	chiq7	1	
䜉	䜉	chiq7	1	
赤	赤	chiq7	1	文讀
斥	斥	chiq7	2	文讀
戚	戚	chiq7	2	
慼	戚	chiq7	1	
鏚	戚	chiq7	2	
妾	妾	chiq7	2	
切	切	chiq7	1	
竊	窃	chiq7	2	
瘵	瘵	chiq7	3	癆瘵
皵	皵	chiq7	1	指甲或竹木等表皮裂開成絲或翹起
趞	趞	chiq7	3	形容走路輕快的樣子
撤	撤	chiq7	1	
轍	辙	chiq7	2	白讀
乞	乞	chiq7	2	
訖	讫	chiq7	2	
迄	迄	chiq7	2	
泣	泣	chiq7	2	
怯	怯	chiq7	1	
挈	挈	chiq7	1	
𤷾	𤷾	chiq7	1	
喫	吃	chiq7	1	僅限於「喫力」一詞
直	直	jiq8	1	
殖	殖	jiq8	2	
值	值	jiq8	1	
値	值	jiq8	1	
植	植	jiq8	2	
秩	秩	jiq8	2	
寂	寂	jiq8	2	
擲	掷	jiq8	1	
涉	涉	jiq8	2	
渉	涉	jiq8	2	
捷	捷	jiq8	2	
疾	疾	jiq8	1	
截	截	jiq8	2	
蟄	蛰	jiq8	2	驚蟄
侄	侄	jiq8	1	
姪	侄	jiq8	1	
妷	侄	jiq8	1	
集	集	jiq8	2	
其	其	jiq8	3	又音 僅限於「其拉」
渠	渠	jiq8	1	又音 僅限於「渠拉」
屐	屐	jiq8	1	木屐
劇	剧	jiq8	1	
及	及	jiq8	1	
扱	扱	jiq8	3	
傑	杰	jiq8	2	
搩	搩	jiq8	3	
杰	杰	jiq8	2	
極	极	jiq8	1	
朮	术	jiq8	2	白朮
竭	竭	jiq8	2	
𢷒	𢷒	jiq8	1	
熱	热	gniq8	1	
業	业	gniq8	1	
鄴	邺	gniq8	2	
逆	逆	gniq8	2	
聶	聂	gniq8	2	
躡	蹑	gniq8	2	
囁	嗫	gniq8	2	
孽	孽	gniq8	1	
孼	孽	gniq8	1	
溺	溺	gniq8	2	
匿	匿	gniq8	2	
日	日	gniq8	1	白讀
濕	湿	shiq7	1	
溼	湿	shiq7	1	
飾	饰	shiq7	1	
些	些	shiq7	1	
屑	屑	shiq7	1	
薛	薛	shiq7	2	
泄	泄	shiq7	2	
洩	泄	shiq7	2	
設	设	shiq7	2	
析	析	shiq7	2	
晰	晰	shiq7	2	
蜥	蜥	shiq7	2	
錫	锡	shiq7	1	
攝	摄	shiq7	1	
摂	摄	shiq7	1	
適	适	shiq7	2	
釋	释	shiq7	2	
釈	释	shiq7	2	
悉	悉	shiq7	2	
膝	膝	shiq7	2	
息	息	shiq7	1	
媳	媳	shiq7	2	
熄	熄	shiq7	2	
瘜	瘜	shiq7	1	「息肉」也作「瘜肉」
式	式	shiq7	1	
軾	轼	shiq7	2	
識	识	shiq7	1	
昔	昔	shiq7	2	
惜	惜	shiq7	2	
晳	晰	shiq7	2	
皙	皙	shiq7	2	
啥	啥	shiq7	3	又音 僅限於「啥西」
西	西	shiq7	3	又音 僅限於「啥西」
歇	歇	shiq7	1	
蠍	蝎	shiq7	2	
蝎	蝎	shiq7	2	
翕	翕	shiq7	2	
歙	歙	shiq7	2	
脅	胁	shiq7	2	
脇	胁	shiq7	2	
吸	吸	shiq7	1	
㽺	㽺	shiq7	1	
㩉	㩉	shiq7	4	用巴掌打
隙	隙	shiq7	2	
舌	舌	zhiq8	1	
席	席	zhiq8	1	
蓆	席	zhiq8	1	
射	射	zhiq8	2	
夕	夕	zhiq8	2	
蝕	蚀	zhiq8	1	
食	食	zhiq8	1	
籍	籍	zhiq8	2	
藉	藉	zhiq8	2	
習	习	zhiq8	2	文讀
石	石	zhiq8	2	姓
襲	袭	zhiq8	2	
該	该	kiq7	1	
頁	页	yiq8	1	
枼	枼	yiq8	1	
葉	叶	yiq8	1	
液	液	yiq8	2	
腋	腋	yiq8	2	
亦	亦	yiq8	1	
奕	奕	yiq8	2	
弈	弈	yiq8	2	
逸	逸	yiq8	2	
驛	驿	yiq8	2	
駅	驿	yiq8	2	
譯	译	yiq8	2	
訳	译	yiq8	2	
翼	翼	yiq8	1	
弋	弋	yiq8	2	
𢖺	𢖺	yiq8	1	
拽	拽	yiq8	1	
易	易	yiq8	2	交易
一	一	iq7	1	
乙	乙	iq7	1	
益	益	iq7	2	
縊	缢	iq7	2	
溢	溢	iq7	5	
壹	壹	iq7	2	
壱	壹	iq7	2	
噎	噎	iq7	1	
揖	揖	iq7	2	
邑	邑	iq7	2	
抑	抑	iq7	2	
𨉖	𨉖	iq7	1	貼壁躲藏
擪	擪	iq7	1	
𥣘	𥣘	iq7	1	
⿰米厭	⿰米厌	iq7	4	
决	决	ciuq7	2	
決	决	ciuq7	2	
訣	诀	ciuq7	2	
抉	抉	ciuq7	2	
厥	厥	ciuq7	1	
噘	噘	ciuq7	1	
撅	噘	ciuq7	1	
瘚	瘚	ciuq7	3	
桔	桔	ciuq7	2	
橘	橘	ciuq7	1	
菊	菊	ciuq7	1	
掬	掬	ciuq7	2	
鞠	鞠	ciuq7	2	
覺	觉	ciuq7	2	覺悟
覚	觉	ciuq7	2	覺悟
屈	屈	chiuq7	2	
缺	缺	chiuq7	1	
曲	曲	chiuq7	1	
麯	曲	chiuq7	2	
麴	曲	chiuq7	2	
麹	麹	chiuq7	2	
確	确	chiuq7	2	文讀
确	确	chiuq7	2	文讀
榷	榷	chiuq7	2	
搉	榷	chiuq7	2	
掘	掘	jiuq8	1	
倔	倔	jiuq8	1	
𥏘	𥏘	jiuq8	1	
橛	橛	jiuq8	3	量詞。截；段
橜	橛	jiuq8	3	量詞。截；段
𧤼	𧤼	jiuq8	1	牛羊等用角頂人或觸物
局	局	jiuq8	1	
侷	局	jiuq8	2	
跼	局	jiuq8	1	
軸	轴	jiuq8	2	
鐲	镯	jiuq8	1	
㪬	㪬	jiuq8	3	
血	血	shiuq7	1	
恤	恤	shiuq7	2	
卹	恤	shiuq7	2	
賉	恤	shiuq7	2	
畜	畜	shiuq7	2	
蓄	蓄	shiuq7	2	
㜅	㜅	shiuq7	1	漂亮；略有戲謔味兒
旭	旭	shiuq7	2	
噱	噱	shiuq7	1	逗引；哄騙
悅	悦	yuq8	2	
悦	悦	yuq8	2	
閱	阅	yuq8	2	
閲	阅	yuq8	2	
越	越	yuq8	1	
粵	粤	yuq8	2	
粤	粤	yuq8	2	
穴	穴	yuq8	2	
月	月	yuq8	1	
學	学	yuq8	2	文讀
慾	欲	yuq8	2	
欲	欲	yuq8	2	
浴	浴	yuq8	2	文讀
曰	曰	yuq8	2	
域	域	yuq8	2	
役	役	yuq8	2	
疫	疫	yuq8	2	
樂	乐	yuq8	2	音樂
楽	乐	yuq8	2	音樂
獄	狱	yuq8	1	
育	育	yuq8	2	
拽	拽	yuq8	3	僅限於「東借西拽」
𢺴	𢺴	iuq7	1	
噦	哕	iuq7	1	氣鬱積在心中
郁	郁	iuq7	2	
鬱	郁	iuq7	1	
鬰	郁	iuq7	1	
欝	郁	iuq7	1	
這	这	tsyuq7	2	
拙	拙	tsyuq7	2	白讀
唶	唶	tsyuq7	1	吮吸
㔃	㔃	tsyuq7	1	用力使物轉向
齣	出	tshyuq7	1	量詞
出	出	tshyuq7	1	
黢	黢	tshyuq7	3	黑黢黢
𠭴	𠭴	tshyuq7	3	短𠭴𠭴
絕	绝	dzyuq8	2	
絶	绝	dzyuq8	2	
說	说	syuq7	2	
説	说	syuq7	2	
涮	涮	syuq7	2	
刷	刷	syuq7	1	
雪	雪	syuq7	2	
失	失	syuq7	1	
室	室	syuq7	2	
戌	戌	syuq7	2	
十	十	syuq7	1	僅限於「三十年夜」，「年三十夜」兩詞
十	十	zyuq8	1	
什	什	zyuq8	2	什物
拾	拾	zyuq8	2	
入	入	zyuq8	1	
實	实	zyuq8	1	
寔	实	zyuq8	1	
実	实	zyuq8	1	
日	日	zyuq8	1	文讀
秫	秫	zyuq8	2	
述	述	zyuq8	2	
習	习	zyuq8	2	白讀
集	集	zyuq8	2	
兒	儿	er2	1	文讀
児	儿	er2	1	文讀
爾	尔	er2	1	
尒	尔	er2	1	
尓	尔	er2	1	
而	而	er2	1	
餌	饵	er2	2	
耳	耳	er6	1	文讀
二	二	er6	1	文讀
貳	贰	er6	2	文讀
姆	姆	m2	1	阿姆
拇	拇	m2	1	白讀
畝	亩	m2	1	白讀
畮	亩	m2	1	白讀
畆	亩	m2	1	白讀
畂	亩	m2	1	白讀
嘸	呒	m2	4	有嘸
鰻	鳗	m2	2	又音
呣	呣	mh1	2	應答聲
姆	姆	mh1	1	姆媽
嘸	呒	mh5	1	
沒	没	mh5	3	「嘸腳蟹」也作「沒腳蟹」
你	你	n2	2	白讀 你儂
妳	你	n2	2	白讀 你儂
伱	你	n2	2	白讀 你儂
芋	芋	n6	1	白讀 芋艿
兒	儿	ng2	1	白讀 兒子
児	儿	ng2	1	白讀 兒子
魚	鱼	ng2	1	白讀
五	五	ng6	1	白讀
𠄡	五	ng6	1	白讀
耳	耳	ng6	1	
午	午	ng6	1	限於「端午」
尾	尾	ng6	1	白讀 船尾巴
爾	尔	ng6	1	「俉」的本字爲「爾」
尒	尔	ng6	1	「俉」的本字爲「爾」
尓	尔	ng6	1	「俉」的本字爲「爾」
你	你	ng6	2	白讀 單數
妳	你	ng6	2	白讀 單數
伱	你	ng6	2	白讀 單數
俉	俉	ng6	1	「俉」的本字爲「爾」
㕶	㕶	ng6	4	自做㕶頭
孲	孲	nk1	1	孲𤘅
嗯	嗯	nk1	1	
